id,filename,content_type,size_bytes,uploader_id,created_at
4c15f506-5436-4f61-a9a4-410ac38dee70,4c15f506-5436-4f61-a9a4-410ac38dee70.pdf,application/pdf,1521,1271,2026-05-13 08:09:04.913378+00
13fd74d6-4068-4522-8b2c-487eaaabc02e,13fd74d6-4068-4522-8b2c-487eaaabc02e.pdf,application/pdf,1487,1271,2026-05-13 08:09:04.944782+00
babc6c79-7252-4d59-82ea-d5b7e1d42132,babc6c79-7252-4d59-82ea-d5b7e1d42132.pdf,application/pdf,1495,1271,2026-05-13 08:09:04.974126+00
bfab8230-ecab-4dd3-b553-6202a22c02e2,bfab8230-ecab-4dd3-b553-6202a22c02e2.pdf,application/pdf,1465,1271,2026-05-13 08:09:05.003781+00
38399658-0c65-47a7-a0fc-2a15b64e3bf7,38399658-0c65-47a7-a0fc-2a15b64e3bf7.jpg,image/jpeg,65020,1195,2026-05-13 08:09:19.647443+00
892ce69e-dc8c-457a-b99f-bd859c5b1372,892ce69e-dc8c-457a-b99f-bd859c5b1372.jpg,image/jpeg,171248,1195,2026-05-13 08:09:21.204083+00
5903c709-235d-4c64-a122-5c6ab831bbe4,5903c709-235d-4c64-a122-5c6ab831bbe4.jpg,image/jpeg,248172,1197,2026-05-13 08:09:21.774276+00
d0053fe5-11ff-445d-9d4e-294e908cfd81,d0053fe5-11ff-445d-9d4e-294e908cfd81.jpg,image/jpeg,182206,1197,2026-05-13 08:09:22.387093+00
823d41a5-9374-4d8b-962d-2ab078532c79,823d41a5-9374-4d8b-962d-2ab078532c79.jpg,image/jpeg,203359,1198,2026-05-13 08:09:22.967675+00
7aaa69e9-ac8a-47d4-bd9d-ffbc7ab70436,7aaa69e9-ac8a-47d4-bd9d-ffbc7ab70436.jpg,image/jpeg,103010,1201,2026-05-13 08:09:23.512516+00
e648dd38-87b3-4f71-a6bd-3365d89f009e,e648dd38-87b3-4f71-a6bd-3365d89f009e.jpg,image/jpeg,80253,1205,2026-05-13 08:09:24.008593+00
a32d37a2-6f7a-4ae6-9789-64b3fd2a9776,a32d37a2-6f7a-4ae6-9789-64b3fd2a9776.jpg,image/jpeg,184070,1206,2026-05-13 08:09:24.681555+00
bcee9919-fc8c-4bfd-b866-34b84ec05d03,bcee9919-fc8c-4bfd-b866-34b84ec05d03.jpg,image/jpeg,114558,1210,2026-05-13 08:09:25.244469+00
72ec30c3-d953-47db-ac53-7ec168726af1,72ec30c3-d953-47db-ac53-7ec168726af1.jpg,image/jpeg,78838,1212,2026-05-13 08:09:25.789039+00
b4f60172-b736-486c-9dc1-d870c9178e08,b4f60172-b736-486c-9dc1-d870c9178e08.jpg,image/jpeg,87706,1214,2026-05-13 08:09:26.364197+00
4b78d60d-60e3-4453-b98b-569d27045faf,4b78d60d-60e3-4453-b98b-569d27045faf.jpg,image/jpeg,29015,1215,2026-05-13 08:09:26.899877+00
3076f1d0-50a9-47c6-945a-2d300f5a6668,3076f1d0-50a9-47c6-945a-2d300f5a6668.jpg,image/jpeg,88375,1216,2026-05-13 08:09:27.478766+00
2da4e5c1-cf52-44a8-8915-ed841f31f8a6,2da4e5c1-cf52-44a8-8915-ed841f31f8a6.jpg,image/jpeg,252264,1218,2026-05-13 08:09:28.059654+00
8759c547-1aaa-46af-ad2d-ee70a0f8e3c4,8759c547-1aaa-46af-ad2d-ee70a0f8e3c4.jpg,image/jpeg,87516,1219,2026-05-13 08:09:28.612475+00
73602877-b71c-4cff-9af5-0e0681664072,73602877-b71c-4cff-9af5-0e0681664072.jpg,image/jpeg,173309,1223,2026-05-13 08:09:29.182509+00
419a8023-f19e-4ccb-8abd-e55d52836662,419a8023-f19e-4ccb-8abd-e55d52836662.jpg,image/jpeg,120849,1226,2026-05-13 08:09:29.7621+00
e3883d42-6f55-4931-9439-65e123629f72,e3883d42-6f55-4931-9439-65e123629f72.jpg,image/jpeg,106823,1229,2026-05-13 08:09:30.313514+00
f9aa13bc-7002-416e-888d-6a453fcbb005,f9aa13bc-7002-416e-888d-6a453fcbb005.jpg,image/jpeg,311025,1231,2026-05-13 08:09:31.011002+00
84fe6469-653e-459d-8235-03d64b8ae6d3,84fe6469-653e-459d-8235-03d64b8ae6d3.jpg,image/jpeg,113991,1240,2026-05-13 08:09:31.572479+00
23545c9f-8b97-4f7e-99f0-18f926b4e44a,23545c9f-8b97-4f7e-99f0-18f926b4e44a.jpg,image/jpeg,134941,1243,2026-05-13 08:09:32.18329+00
0bed4673-775c-497a-8070-d487bf8837ba,0bed4673-775c-497a-8070-d487bf8837ba.jpg,image/jpeg,145636,1248,2026-05-13 08:09:32.75297+00
08f7be01-09fa-4122-9316-87eff5a761d6,08f7be01-09fa-4122-9316-87eff5a761d6.jpg,image/jpeg,129766,1252,2026-05-13 08:09:33.365657+00
dd4525ca-ead3-4196-be44-0c74d5c8b815,dd4525ca-ead3-4196-be44-0c74d5c8b815.jpg,image/jpeg,57284,1253,2026-05-13 08:09:33.91503+00
d4089eb5-a063-43bf-8d65-d2c7cfa5ce7b,d4089eb5-a063-43bf-8d65-d2c7cfa5ce7b.jpg,image/jpeg,136880,1255,2026-05-13 08:09:34.500305+00
11574ede-4b7a-40d2-9296-46f5f8cd4169,11574ede-4b7a-40d2-9296-46f5f8cd4169.jpg,image/jpeg,125690,1256,2026-05-13 08:09:35.125305+00
015cfd17-c111-40c2-9842-12dd71bd75e4,015cfd17-c111-40c2-9842-12dd71bd75e4.jpg,image/jpeg,162468,1256,2026-05-13 08:09:35.722476+00
c35020cb-18c1-407e-9c54-50f53f132bd2,c35020cb-18c1-407e-9c54-50f53f132bd2.jpg,image/jpeg,84571,1257,2026-05-13 08:09:36.227198+00
b4cd15e0-b7be-4518-8c5e-cf0a6dc17669,b4cd15e0-b7be-4518-8c5e-cf0a6dc17669.jpg,image/jpeg,240803,1257,2026-05-13 08:09:36.868497+00
d31b1cb3-68a2-42d6-ac6d-333da7e16068,d31b1cb3-68a2-42d6-ac6d-333da7e16068.jpg,image/jpeg,88896,1259,2026-05-13 08:09:37.425359+00
ad5fe778-3b5f-4246-9783-350b4b279e19,ad5fe778-3b5f-4246-9783-350b4b279e19.jpg,image/jpeg,169769,1260,2026-05-13 08:09:37.999918+00
66753816-2418-4431-a279-0e4d9f723b0f,66753816-2418-4431-a279-0e4d9f723b0f.jpg,image/jpeg,77983,1261,2026-05-13 08:09:38.590066+00
abe607cd-7b2b-411b-ac9f-d36dfb10ecb3,abe607cd-7b2b-411b-ac9f-d36dfb10ecb3.jpg,image/jpeg,68346,1261,2026-05-13 08:09:39.155379+00
2c270ece-e645-47d2-acaf-32f0e2af45c0,2c270ece-e645-47d2-acaf-32f0e2af45c0.jpg,image/jpeg,160551,1263,2026-05-13 08:09:39.746131+00
f1aba89c-37d4-4e65-ac86-8ef6f8e56190,f1aba89c-37d4-4e65-ac86-8ef6f8e56190.jpg,image/jpeg,210905,1263,2026-05-13 08:09:40.764986+00
8f8c1aa7-cd5f-43c4-af73-f01a9659d0cd,8f8c1aa7-cd5f-43c4-af73-f01a9659d0cd.jpg,image/jpeg,51894,1264,2026-05-13 08:09:41.29819+00
03b07893-e564-436e-aa31-9324b3080bc0,03b07893-e564-436e-aa31-9324b3080bc0.jpg,image/jpeg,124986,1265,2026-05-13 08:09:41.987521+00
7b8658c1-431f-4fa8-91a6-87b9c5b4d060,7b8658c1-431f-4fa8-91a6-87b9c5b4d060.jpg,image/jpeg,47594,1267,2026-05-13 08:09:42.568333+00
3463b7da-adaa-409c-a567-34b01e8edd60,3463b7da-adaa-409c-a567-34b01e8edd60.jpg,image/jpeg,119393,1267,2026-05-13 08:09:43.185048+00
18638619-e1fd-4a5e-a71e-8f9881020d03,18638619-e1fd-4a5e-a71e-8f9881020d03.jpg,image/jpeg,132339,1267,2026-05-13 08:09:43.736432+00
19bc5d84-ad32-4e05-8894-f996af15252b,19bc5d84-ad32-4e05-8894-f996af15252b.jpg,image/jpeg,130983,1268,2026-05-13 08:09:44.272039+00
73ddff02-97ff-4067-8e59-4504a9a11bc0,73ddff02-97ff-4067-8e59-4504a9a11bc0.jpg,image/jpeg,180507,1268,2026-05-13 08:09:44.818513+00
684f4bfc-da58-4825-ac7c-970eba701223,684f4bfc-da58-4825-ac7c-970eba701223.jpg,image/jpeg,125690,1269,2026-05-13 08:09:45.616616+00
cb1e12ea-8b2f-4d99-9f51-873d06f9c3aa,cb1e12ea-8b2f-4d99-9f51-873d06f9c3aa.jpg,image/jpeg,107030,1269,2026-05-13 08:09:46.214457+00
e2ebc233-3bf7-41d1-986e-94d7c802f74e,e2ebc233-3bf7-41d1-986e-94d7c802f74e.jpg,image/jpeg,48392,1270,2026-05-13 08:09:46.835053+00
c28ca4c1-6b99-4b44-a232-6e3aeab1f6b7,c28ca4c1-6b99-4b44-a232-6e3aeab1f6b7.jpg,image/jpeg,124809,1270,2026-05-13 08:09:47.410256+00
d3083363-a675-4746-ac4d-a6671b7ec316,d3083363-a675-4746-ac4d-a6671b7ec316.jpg,image/jpeg,165823,1270,2026-05-13 08:09:47.95968+00
bd802c82-0dbc-4ffd-9387-37b314fa7a72,bd802c82-0dbc-4ffd-9387-37b314fa7a72.jpg,image/jpeg,174841,1271,2026-05-13 08:09:48.497433+00
cb6a506a-8b79-493c-ad72-a91ebaabb284,cb6a506a-8b79-493c-ad72-a91ebaabb284.jpg,image/jpeg,75756,1271,2026-05-13 08:09:49.081264+00
29dd9d6c-7ee2-4aa3-8046-421d1a26a8d0,29dd9d6c-7ee2-4aa3-8046-421d1a26a8d0.jpg,image/jpeg,94811,1271,2026-05-13 08:09:49.688485+00
6e034127-7b87-4269-89f6-50a9e0916452,6e034127-7b87-4269-89f6-50a9e0916452.jpg,image/jpeg,198958,1230,2026-05-13 08:10:26.754894+00
62dbeacd-5c57-4edb-b644-6913a3f56aa6,62dbeacd-5c57-4edb-b644-6913a3f56aa6.jpg,image/jpeg,108081,1246,2026-05-13 08:10:29.481418+00
82505a2c-5eb1-4c68-a1f2-bf0755953744,82505a2c-5eb1-4c68-a1f2-bf0755953744.jpg,image/jpeg,161219,1208,2026-05-13 08:10:32.297256+00
4aa72b48-c3fc-43f8-ba60-d12a1ee542bd,4aa72b48-c3fc-43f8-ba60-d12a1ee542bd.jpg,image/jpeg,86021,1200,2026-05-13 08:10:34.584755+00
ef3bb57b-0ec6-4a37-b31f-99493b22184e,ef3bb57b-0ec6-4a37-b31f-99493b22184e.jpg,image/jpeg,43018,1269,2026-05-13 08:10:36.657856+00
857b433b-7360-44fc-9f0c-4a27b91aa402,857b433b-7360-44fc-9f0c-4a27b91aa402.jpg,image/jpeg,74538,1268,2026-05-13 08:10:38.625714+00
65bcf29c-b2b1-45ae-b15c-abdb988079c5,65bcf29c-b2b1-45ae-b15c-abdb988079c5.jpg,image/jpeg,163373,1227,2026-05-13 08:10:40.807901+00
731d440b-df13-4af1-969d-a5f52000714f,731d440b-df13-4af1-969d-a5f52000714f.jpg,image/jpeg,50862,1245,2026-05-13 08:10:42.750875+00
803359c4-5661-447f-88b0-a60369da7768,803359c4-5661-447f-88b0-a60369da7768.jpg,image/jpeg,119996,1249,2026-05-13 08:10:44.767249+00
e42b86c6-d2d2-471f-ae5a-f6b7b0a1122d,e42b86c6-d2d2-471f-ae5a-f6b7b0a1122d.jpg,image/jpeg,123221,1217,2026-05-13 08:10:46.813352+00
8a07a8f8-bfd0-49c9-95a2-11a239f0aa04,8a07a8f8-bfd0-49c9-95a2-11a239f0aa04.jpg,image/jpeg,22389,1217,2026-05-13 08:10:49.050167+00
a3cee329-756d-4e45-b97c-95b341fec131,a3cee329-756d-4e45-b97c-95b341fec131.jpg,image/jpeg,83607,1222,2026-05-13 08:10:50.981135+00
01e7b3ac-381b-448d-9007-136c392f6d7b,01e7b3ac-381b-448d-9007-136c392f6d7b.jpg,image/jpeg,33857,1238,2026-05-13 08:10:53.425936+00
8ad0f01d-cd51-4b13-b0ef-acd864245bbc,8ad0f01d-cd51-4b13-b0ef-acd864245bbc.jpg,image/jpeg,103674,1246,2026-05-13 08:10:54.874712+00
8d68dd4a-7299-4f3d-b05c-f03265126314,8d68dd4a-7299-4f3d-b05c-f03265126314.jpg,image/jpeg,105947,1207,2026-05-13 08:10:58.548682+00
09184a48-6ac9-4e64-8e0e-0b37a5d3563d,09184a48-6ac9-4e64-8e0e-0b37a5d3563d.jpg,image/jpeg,129430,1206,2026-05-13 08:11:00.766037+00
959a9435-8172-4a0c-9e89-d5e7506d42bd,959a9435-8172-4a0c-9e89-d5e7506d42bd.jpg,image/jpeg,139016,1212,2026-05-13 08:11:03.800714+00
b48a824b-2cd3-4650-a251-687e3b1dc662,b48a824b-2cd3-4650-a251-687e3b1dc662.jpg,image/jpeg,41974,1265,2026-05-13 08:11:07.435068+00
07bd5228-6063-416b-8b58-f329f88a6108,07bd5228-6063-416b-8b58-f329f88a6108.jpg,image/jpeg,60584,1219,2026-05-13 08:11:10.17373+00
2eafa847-2d98-47ca-b2f7-397f1e69eb46,2eafa847-2d98-47ca-b2f7-397f1e69eb46.jpg,image/jpeg,60668,1256,2026-05-13 08:10:57.007538+00
9a8b00ad-0ce3-4f23-b6c0-b8e81323d644,9a8b00ad-0ce3-4f23-b6c0-b8e81323d644.jpg,image/jpeg,59008,1225,2026-05-13 08:11:05.872049+00
3159cc61-ab26-4fc5-9964-e4698ca602b3,3159cc61-ab26-4fc5-9964-e4698ca602b3.pdf,application/pdf,1999,1198,2026-05-13 08:28:06.101563+00
d77e21f2-9694-47da-9fd2-922e2b0cb0da,d77e21f2-9694-47da-9fd2-922e2b0cb0da.pdf,application/pdf,2073,1198,2026-05-13 08:28:06.135421+00
da9d79ab-7c92-43b8-899e-bd75a127122a,da9d79ab-7c92-43b8-899e-bd75a127122a.pdf,application/pdf,1968,1198,2026-05-13 08:28:06.163172+00
