comment_id,user_id,created_at
1148,1199,2026-05-13 08:02:44.742121+00
1148,1206,2026-05-13 08:02:44.742121+00
1148,1258,2026-05-13 08:02:44.742121+00
1150,1225,2026-05-13 08:02:44.742121+00
1150,1196,2026-05-13 08:02:44.742121+00
1150,1229,2026-05-13 08:02:44.742121+00
1150,1195,2026-05-13 08:02:44.742121+00
1150,1220,2026-05-13 08:02:44.742121+00
1150,1207,2026-05-13 08:02:44.742121+00
1151,1216,2026-05-13 08:02:44.742121+00
1151,1210,2026-05-13 08:02:44.742121+00
1151,1260,2026-05-13 08:02:44.742121+00
1152,1255,2026-05-13 08:02:44.742121+00
1152,1269,2026-05-13 08:02:44.742121+00
1152,1247,2026-05-13 08:02:44.742121+00
1153,1251,2026-05-13 08:02:44.742121+00
1153,1260,2026-05-13 08:02:44.742121+00
1153,1229,2026-05-13 08:02:44.742121+00
1153,1196,2026-05-13 08:02:44.742121+00
1153,1249,2026-05-13 08:02:44.742121+00
1153,1261,2026-05-13 08:02:44.742121+00
1153,1262,2026-05-13 08:02:44.742121+00
1155,1244,2026-05-13 08:02:44.742121+00
1156,1208,2026-05-13 08:02:44.742121+00
1156,1212,2026-05-13 08:02:44.742121+00
1156,1261,2026-05-13 08:02:44.742121+00
1156,1219,2026-05-13 08:02:44.742121+00
1156,1235,2026-05-13 08:02:44.742121+00
1156,1243,2026-05-13 08:02:44.742121+00
1156,1247,2026-05-13 08:02:44.742121+00
1157,1231,2026-05-13 08:02:44.742121+00
1157,1194,2026-05-13 08:02:44.742121+00
1158,1229,2026-05-13 08:02:44.742121+00
1158,1214,2026-05-13 08:02:44.742121+00
1158,1212,2026-05-13 08:02:44.742121+00
1158,1269,2026-05-13 08:02:44.742121+00
1159,1219,2026-05-13 08:02:44.742121+00
1159,1264,2026-05-13 08:02:44.742121+00
1159,1213,2026-05-13 08:02:44.742121+00
1159,1194,2026-05-13 08:02:44.742121+00
1159,1217,2026-05-13 08:02:44.742121+00
1160,1201,2026-05-13 08:02:44.742121+00
1161,1235,2026-05-13 08:02:44.742121+00
1161,1246,2026-05-13 08:02:44.742121+00
1161,1207,2026-05-13 08:02:44.742121+00
1162,1217,2026-05-13 08:02:44.742121+00
1162,1246,2026-05-13 08:02:44.742121+00
1162,1258,2026-05-13 08:02:44.742121+00
1162,1247,2026-05-13 08:02:44.742121+00
1162,1242,2026-05-13 08:02:44.742121+00
1163,1240,2026-05-13 08:02:44.742121+00
1164,1230,2026-05-13 08:02:44.742121+00
1164,1206,2026-05-13 08:02:44.742121+00
1164,1212,2026-05-13 08:02:44.742121+00
1165,1248,2026-05-13 08:02:44.742121+00
1165,1262,2026-05-13 08:02:44.742121+00
1167,1194,2026-05-13 08:02:44.742121+00
1168,1218,2026-05-13 08:02:44.742121+00
1168,1195,2026-05-13 08:02:44.742121+00
1169,1270,2026-05-13 08:02:44.742121+00
1169,1262,2026-05-13 08:02:44.742121+00
1169,1241,2026-05-13 08:02:44.742121+00
1169,1267,2026-05-13 08:02:44.742121+00
1171,1215,2026-05-13 08:02:44.742121+00
1171,1246,2026-05-13 08:02:44.742121+00
1172,1261,2026-05-13 08:02:44.742121+00
1172,1238,2026-05-13 08:02:44.742121+00
1172,1264,2026-05-13 08:02:44.742121+00
1172,1233,2026-05-13 08:02:44.742121+00
1172,1198,2026-05-13 08:02:44.742121+00
1172,1234,2026-05-13 08:02:44.742121+00
1172,1214,2026-05-13 08:02:44.742121+00
1173,1241,2026-05-13 08:02:44.742121+00
1173,1227,2026-05-13 08:02:44.742121+00
1173,1231,2026-05-13 08:02:44.742121+00
1173,1215,2026-05-13 08:02:44.742121+00
1174,1247,2026-05-13 08:02:44.742121+00
1174,1210,2026-05-13 08:02:44.742121+00
1174,1238,2026-05-13 08:02:44.742121+00
1174,1255,2026-05-13 08:02:44.742121+00
1175,1227,2026-05-13 08:02:44.742121+00
1175,1211,2026-05-13 08:02:44.742121+00
1176,1256,2026-05-13 08:02:44.742121+00
1176,1230,2026-05-13 08:02:44.742121+00
1177,1250,2026-05-13 08:02:44.742121+00
1178,1242,2026-05-13 08:02:44.742121+00
1178,1206,2026-05-13 08:02:44.742121+00
1178,1271,2026-05-13 08:02:44.742121+00
1180,1233,2026-05-13 08:02:44.742121+00
1180,1256,2026-05-13 08:02:44.742121+00
1180,1241,2026-05-13 08:02:44.742121+00
1181,1211,2026-05-13 08:02:44.742121+00
1181,1221,2026-05-13 08:02:44.742121+00
1181,1239,2026-05-13 08:02:44.742121+00
1181,1229,2026-05-13 08:02:44.742121+00
1182,1251,2026-05-13 08:02:44.742121+00
1182,1211,2026-05-13 08:02:44.742121+00
1183,1267,2026-05-13 08:02:44.742121+00
1183,1215,2026-05-13 08:02:44.742121+00
1183,1237,2026-05-13 08:02:44.742121+00
1184,1261,2026-05-13 08:02:44.742121+00
1185,1195,2026-05-13 08:02:44.742121+00
1185,1213,2026-05-13 08:02:44.742121+00
1185,1258,2026-05-13 08:02:44.742121+00
1185,1197,2026-05-13 08:02:44.742121+00
1185,1224,2026-05-13 08:02:44.742121+00
1185,1264,2026-05-13 08:02:44.742121+00
1185,1270,2026-05-13 08:02:44.742121+00
1186,1229,2026-05-13 08:02:44.742121+00
1187,1217,2026-05-13 08:02:44.742121+00
1187,1243,2026-05-13 08:02:44.742121+00
1188,1201,2026-05-13 08:02:44.742121+00
1188,1216,2026-05-13 08:02:44.742121+00
1189,1259,2026-05-13 08:02:44.742121+00
1189,1222,2026-05-13 08:02:44.742121+00
1189,1221,2026-05-13 08:02:44.742121+00
1190,1208,2026-05-13 08:02:44.742121+00
1190,1245,2026-05-13 08:02:44.742121+00
1190,1223,2026-05-13 08:02:44.742121+00
1190,1239,2026-05-13 08:02:44.742121+00
1191,1261,2026-05-13 08:02:44.742121+00
1191,1215,2026-05-13 08:02:44.742121+00
1191,1195,2026-05-13 08:02:44.742121+00
1191,1263,2026-05-13 08:02:44.742121+00
1192,1245,2026-05-13 08:02:44.742121+00
1192,1233,2026-05-13 08:02:44.742121+00
1192,1202,2026-05-13 08:02:44.742121+00
1192,1268,2026-05-13 08:02:44.742121+00
1192,1236,2026-05-13 08:02:44.742121+00
1193,1270,2026-05-13 08:02:44.742121+00
1194,1200,2026-05-13 08:02:44.742121+00
1195,1218,2026-05-13 08:02:44.742121+00
1195,1196,2026-05-13 08:02:44.742121+00
1195,1246,2026-05-13 08:02:44.742121+00
1196,1228,2026-05-13 08:02:44.742121+00
1197,1257,2026-05-13 08:02:44.742121+00
1197,1239,2026-05-13 08:02:44.742121+00
1198,1232,2026-05-13 08:02:44.742121+00
1198,1266,2026-05-13 08:02:44.742121+00
1198,1235,2026-05-13 08:02:44.742121+00
1199,1211,2026-05-13 08:02:44.742121+00
1199,1202,2026-05-13 08:02:44.742121+00
1202,1208,2026-05-13 08:02:44.742121+00
1202,1253,2026-05-13 08:02:44.742121+00
1203,1208,2026-05-13 08:02:44.742121+00
1203,1210,2026-05-13 08:02:44.742121+00
1203,1243,2026-05-13 08:02:44.742121+00
1203,1237,2026-05-13 08:02:44.742121+00
1204,1217,2026-05-13 08:02:44.742121+00
1204,1215,2026-05-13 08:02:44.742121+00
1204,1238,2026-05-13 08:02:44.742121+00
1204,1267,2026-05-13 08:02:44.742121+00
1205,1219,2026-05-13 08:02:44.742121+00
1205,1234,2026-05-13 08:02:44.742121+00
1206,1251,2026-05-13 08:02:44.742121+00
1206,1216,2026-05-13 08:02:44.742121+00
1206,1198,2026-05-13 08:02:44.742121+00
1207,1218,2026-05-13 08:02:44.742121+00
1207,1257,2026-05-13 08:02:44.742121+00
1209,1226,2026-05-13 08:02:44.742121+00
1209,1234,2026-05-13 08:02:44.742121+00
1210,1211,2026-05-13 08:02:44.742121+00
1210,1223,2026-05-13 08:02:44.742121+00
1210,1218,2026-05-13 08:02:44.742121+00
1211,1197,2026-05-13 08:02:44.742121+00
1211,1205,2026-05-13 08:02:44.742121+00
1212,1236,2026-05-13 08:02:44.742121+00
1213,1253,2026-05-13 08:02:44.742121+00
1213,1212,2026-05-13 08:02:44.742121+00
1213,1203,2026-05-13 08:02:44.742121+00
1213,1245,2026-05-13 08:02:44.742121+00
1213,1220,2026-05-13 08:02:44.742121+00
1213,1213,2026-05-13 08:02:44.742121+00
1213,1257,2026-05-13 08:02:44.742121+00
1214,1229,2026-05-13 08:02:44.742121+00
1214,1267,2026-05-13 08:02:44.742121+00
1217,1264,2026-05-13 08:02:44.742121+00
1217,1237,2026-05-13 08:02:44.742121+00
1217,1230,2026-05-13 08:02:44.742121+00
1218,1214,2026-05-13 08:02:44.742121+00
1219,1216,2026-05-13 08:02:44.742121+00
1219,1219,2026-05-13 08:02:44.742121+00
1219,1211,2026-05-13 08:02:44.742121+00
1220,1230,2026-05-13 08:02:44.742121+00
1220,1203,2026-05-13 08:02:44.742121+00
1221,1222,2026-05-13 08:02:44.742121+00
1221,1205,2026-05-13 08:02:44.742121+00
1221,1252,2026-05-13 08:02:44.742121+00
1221,1213,2026-05-13 08:02:44.742121+00
1221,1237,2026-05-13 08:02:44.742121+00
1222,1202,2026-05-13 08:02:44.742121+00
1222,1268,2026-05-13 08:02:44.742121+00
1222,1259,2026-05-13 08:02:44.742121+00
1224,1266,2026-05-13 08:02:44.742121+00
1224,1263,2026-05-13 08:02:44.742121+00
1225,1196,2026-05-13 08:02:44.742121+00
1225,1239,2026-05-13 08:02:44.742121+00
1225,1228,2026-05-13 08:02:44.742121+00
1226,1207,2026-05-13 08:02:44.742121+00
1226,1222,2026-05-13 08:02:44.742121+00
1226,1246,2026-05-13 08:02:44.742121+00
1226,1253,2026-05-13 08:02:44.742121+00
1227,1216,2026-05-13 08:02:44.742121+00
1227,1257,2026-05-13 08:02:44.742121+00
1227,1220,2026-05-13 08:02:44.742121+00
1227,1201,2026-05-13 08:02:44.742121+00
1227,1242,2026-05-13 08:02:44.742121+00
1228,1232,2026-05-13 08:02:44.742121+00
1228,1227,2026-05-13 08:02:44.742121+00
1228,1213,2026-05-13 08:02:44.742121+00
1229,1266,2026-05-13 08:02:44.742121+00
1229,1218,2026-05-13 08:02:44.742121+00
1229,1214,2026-05-13 08:02:44.742121+00
1230,1238,2026-05-13 08:02:44.742121+00
1230,1237,2026-05-13 08:02:44.742121+00
1230,1216,2026-05-13 08:02:44.742121+00
1232,1228,2026-05-13 08:02:44.742121+00
1232,1239,2026-05-13 08:02:44.742121+00
1232,1211,2026-05-13 08:02:44.742121+00
1233,1232,2026-05-13 08:02:44.742121+00
1233,1211,2026-05-13 08:02:44.742121+00
1233,1227,2026-05-13 08:02:44.742121+00
1234,1258,2026-05-13 08:02:44.742121+00
1234,1262,2026-05-13 08:02:44.742121+00
1234,1216,2026-05-13 08:02:44.742121+00
1235,1203,2026-05-13 08:02:44.742121+00
1236,1212,2026-05-13 08:02:44.742121+00
1236,1258,2026-05-13 08:02:44.742121+00
1236,1237,2026-05-13 08:02:44.742121+00
1237,1243,2026-05-13 08:02:44.742121+00
1237,1201,2026-05-13 08:02:44.742121+00
1237,1268,2026-05-13 08:02:44.742121+00
1237,1246,2026-05-13 08:02:44.742121+00
1238,1268,2026-05-13 08:02:44.742121+00
1238,1247,2026-05-13 08:02:44.742121+00
1238,1245,2026-05-13 08:02:44.742121+00
1238,1234,2026-05-13 08:02:44.742121+00
1239,1211,2026-05-13 08:02:44.742121+00
1239,1199,2026-05-13 08:02:44.742121+00
1239,1224,2026-05-13 08:02:44.742121+00
1239,1210,2026-05-13 08:02:44.742121+00
1239,1246,2026-05-13 08:02:44.742121+00
1239,1267,2026-05-13 08:02:44.742121+00
1239,1266,2026-05-13 08:02:44.742121+00
1239,1236,2026-05-13 08:02:44.742121+00
1240,1236,2026-05-13 08:02:44.742121+00
1240,1271,2026-05-13 08:02:44.742121+00
1241,1209,2026-05-13 08:02:44.742121+00
1242,1221,2026-05-13 08:02:44.742121+00
1243,1235,2026-05-13 08:02:44.742121+00
1243,1251,2026-05-13 08:02:44.742121+00
1243,1199,2026-05-13 08:02:44.742121+00
1243,1207,2026-05-13 08:02:44.742121+00
1244,1222,2026-05-13 08:02:44.742121+00
1244,1235,2026-05-13 08:02:44.742121+00
1244,1244,2026-05-13 08:02:44.742121+00
1245,1249,2026-05-13 08:02:44.742121+00
1245,1231,2026-05-13 08:02:44.742121+00
1245,1264,2026-05-13 08:02:44.742121+00
1246,1248,2026-05-13 08:02:44.742121+00
1246,1194,2026-05-13 08:02:44.742121+00
1246,1216,2026-05-13 08:02:44.742121+00
1246,1258,2026-05-13 08:02:44.742121+00
1246,1259,2026-05-13 08:02:44.742121+00
1246,1246,2026-05-13 08:02:44.742121+00
1247,1214,2026-05-13 08:02:44.742121+00
1247,1207,2026-05-13 08:02:44.742121+00
1247,1269,2026-05-13 08:02:44.742121+00
1247,1245,2026-05-13 08:02:44.742121+00
1248,1249,2026-05-13 08:02:44.742121+00
1248,1211,2026-05-13 08:02:44.742121+00
1248,1195,2026-05-13 08:02:44.742121+00
1249,1269,2026-05-13 08:02:44.742121+00
1250,1217,2026-05-13 08:02:44.742121+00
1250,1213,2026-05-13 08:02:44.742121+00
1250,1194,2026-05-13 08:02:44.742121+00
1250,1205,2026-05-13 08:02:44.742121+00
1251,1239,2026-05-13 08:02:44.742121+00
1251,1223,2026-05-13 08:02:44.742121+00
1252,1254,2026-05-13 08:02:44.742121+00
1252,1269,2026-05-13 08:02:44.742121+00
1252,1203,2026-05-13 08:02:44.742121+00
1252,1237,2026-05-13 08:02:44.742121+00
1253,1226,2026-05-13 08:02:44.742121+00
1253,1232,2026-05-13 08:02:44.742121+00
1253,1224,2026-05-13 08:02:44.742121+00
1253,1265,2026-05-13 08:02:44.742121+00
1254,1221,2026-05-13 08:02:44.742121+00
1254,1251,2026-05-13 08:02:44.742121+00
1254,1211,2026-05-13 08:02:44.742121+00
1255,1249,2026-05-13 08:02:44.742121+00
1255,1203,2026-05-13 08:02:44.742121+00
1255,1229,2026-05-13 08:02:44.742121+00
1255,1240,2026-05-13 08:02:44.742121+00
1255,1244,2026-05-13 08:02:44.742121+00
1255,1243,2026-05-13 08:02:44.742121+00
1256,1259,2026-05-13 08:02:44.742121+00
1256,1261,2026-05-13 08:02:44.742121+00
1256,1241,2026-05-13 08:02:44.742121+00
1256,1196,2026-05-13 08:02:44.742121+00
1256,1255,2026-05-13 08:02:44.742121+00
1258,1209,2026-05-13 08:02:44.742121+00
1258,1249,2026-05-13 08:02:44.742121+00
1258,1233,2026-05-13 08:02:44.742121+00
1259,1204,2026-05-13 08:02:44.742121+00
1259,1252,2026-05-13 08:02:44.742121+00
1260,1234,2026-05-13 08:02:44.742121+00
1260,1233,2026-05-13 08:02:44.742121+00
1260,1239,2026-05-13 08:02:44.742121+00
1260,1248,2026-05-13 08:02:44.742121+00
1262,1211,2026-05-13 08:02:44.742121+00
1263,1248,2026-05-13 08:02:44.742121+00
1263,1234,2026-05-13 08:02:44.742121+00
1264,1267,2026-05-13 08:02:44.742121+00
1264,1257,2026-05-13 08:02:44.742121+00
1264,1241,2026-05-13 08:02:44.742121+00
1266,1220,2026-05-13 08:02:44.742121+00
1266,1244,2026-05-13 08:02:44.742121+00
1267,1270,2026-05-13 08:02:44.742121+00
1267,1236,2026-05-13 08:02:44.742121+00
1267,1224,2026-05-13 08:02:44.742121+00
1267,1257,2026-05-13 08:02:44.742121+00
1267,1217,2026-05-13 08:02:44.742121+00
1267,1269,2026-05-13 08:02:44.742121+00
1267,1225,2026-05-13 08:02:44.742121+00
1268,1194,2026-05-13 08:02:44.742121+00
1268,1269,2026-05-13 08:02:44.742121+00
1269,1259,2026-05-13 08:02:44.742121+00
1269,1235,2026-05-13 08:02:44.742121+00
1271,1209,2026-05-13 08:02:44.742121+00
1271,1224,2026-05-13 08:02:44.742121+00
1272,1225,2026-05-13 08:02:44.742121+00
1272,1204,2026-05-13 08:02:44.742121+00
1272,1268,2026-05-13 08:02:44.742121+00
1272,1234,2026-05-13 08:02:44.742121+00
1272,1270,2026-05-13 08:02:44.742121+00
1273,1227,2026-05-13 08:02:44.742121+00
1273,1211,2026-05-13 08:02:44.742121+00
1273,1244,2026-05-13 08:02:44.742121+00
1274,1225,2026-05-13 08:02:44.742121+00
1274,1267,2026-05-13 08:02:44.742121+00
1275,1219,2026-05-13 08:02:44.742121+00
1276,1241,2026-05-13 08:02:44.742121+00
1276,1247,2026-05-13 08:02:44.742121+00
1277,1214,2026-05-13 08:02:44.742121+00
1277,1231,2026-05-13 08:02:44.742121+00
1277,1218,2026-05-13 08:02:44.742121+00
1278,1237,2026-05-13 08:02:44.742121+00
1279,1228,2026-05-13 08:02:44.742121+00
1280,1217,2026-05-13 08:02:44.742121+00
1280,1269,2026-05-13 08:02:44.742121+00
1282,1214,2026-05-13 08:02:44.742121+00
1282,1253,2026-05-13 08:02:44.742121+00
1283,1213,2026-05-13 08:02:44.742121+00
1283,1254,2026-05-13 08:02:44.742121+00
1286,1235,2026-05-13 08:02:44.742121+00
1286,1226,2026-05-13 08:02:44.742121+00
1286,1266,2026-05-13 08:02:44.742121+00
1286,1197,2026-05-13 08:02:44.742121+00
1287,1237,2026-05-13 08:02:44.742121+00
1288,1207,2026-05-13 08:02:44.742121+00
1289,1210,2026-05-13 08:02:44.742121+00
1289,1198,2026-05-13 08:02:44.742121+00
1289,1241,2026-05-13 08:02:44.742121+00
1289,1194,2026-05-13 08:02:44.742121+00
1289,1270,2026-05-13 08:02:44.742121+00
1290,1198,2026-05-13 08:02:44.742121+00
1290,1266,2026-05-13 08:02:44.742121+00
1290,1199,2026-05-13 08:02:44.742121+00
1291,1257,2026-05-13 08:02:44.742121+00
1291,1197,2026-05-13 08:02:44.742121+00
1291,1194,2026-05-13 08:02:44.742121+00
1292,1242,2026-05-13 08:02:44.742121+00
1292,1243,2026-05-13 08:02:44.742121+00
1292,1239,2026-05-13 08:02:44.742121+00
1292,1204,2026-05-13 08:02:44.742121+00
1292,1237,2026-05-13 08:02:44.742121+00
1292,1271,2026-05-13 08:02:44.742121+00
1292,1227,2026-05-13 08:02:44.742121+00
1292,1194,2026-05-13 08:02:44.742121+00
1293,1251,2026-05-13 08:02:44.742121+00
1293,1259,2026-05-13 08:02:44.742121+00
1294,1247,2026-05-13 08:02:44.742121+00
1295,1224,2026-05-13 08:02:44.742121+00
1295,1248,2026-05-13 08:02:44.742121+00
1296,1221,2026-05-13 08:02:44.742121+00
1296,1271,2026-05-13 08:02:44.742121+00
1297,1208,2026-05-13 08:02:44.742121+00
1297,1261,2026-05-13 08:02:44.742121+00
1297,1244,2026-05-13 08:02:44.742121+00
1297,1227,2026-05-13 08:02:44.742121+00
1297,1212,2026-05-13 08:02:44.742121+00
1298,1231,2026-05-13 08:02:44.742121+00
1298,1250,2026-05-13 08:02:44.742121+00
1298,1242,2026-05-13 08:02:44.742121+00
1298,1271,2026-05-13 08:02:44.742121+00
1298,1249,2026-05-13 08:02:44.742121+00
1299,1259,2026-05-13 08:02:44.742121+00
1299,1209,2026-05-13 08:02:44.742121+00
1299,1207,2026-05-13 08:02:44.742121+00
1299,1227,2026-05-13 08:02:44.742121+00
1299,1244,2026-05-13 08:02:44.742121+00
1300,1234,2026-05-13 08:02:44.742121+00
1300,1208,2026-05-13 08:02:44.742121+00
1301,1262,2026-05-13 08:02:44.742121+00
1301,1196,2026-05-13 08:02:44.742121+00
1301,1258,2026-05-13 08:02:44.742121+00
1301,1253,2026-05-13 08:02:44.742121+00
1303,1219,2026-05-13 08:02:44.742121+00
1303,1253,2026-05-13 08:02:44.742121+00
1304,1228,2026-05-13 08:02:44.742121+00
1304,1215,2026-05-13 08:02:44.742121+00
1304,1194,2026-05-13 08:02:44.742121+00
1305,1233,2026-05-13 08:02:44.742121+00
1305,1264,2026-05-13 08:02:44.742121+00
1305,1240,2026-05-13 08:02:44.742121+00
1306,1250,2026-05-13 08:02:44.742121+00
1306,1233,2026-05-13 08:02:44.742121+00
1306,1225,2026-05-13 08:02:44.742121+00
1309,1225,2026-05-13 08:02:44.742121+00
1309,1234,2026-05-13 08:02:44.742121+00
1309,1267,2026-05-13 08:02:44.742121+00
1310,1196,2026-05-13 08:02:44.742121+00
1310,1212,2026-05-13 08:02:44.742121+00
1310,1269,2026-05-13 08:02:44.742121+00
1311,1206,2026-05-13 08:02:44.742121+00
1311,1236,2026-05-13 08:02:44.742121+00
1311,1234,2026-05-13 08:02:44.742121+00
1311,1246,2026-05-13 08:02:44.742121+00
1312,1198,2026-05-13 08:02:44.742121+00
1312,1207,2026-05-13 08:02:44.742121+00
1312,1210,2026-05-13 08:02:44.742121+00
1312,1241,2026-05-13 08:02:44.742121+00
1315,1228,2026-05-13 08:02:44.742121+00
1315,1211,2026-05-13 08:02:44.742121+00
1315,1197,2026-05-13 08:02:44.742121+00
1315,1232,2026-05-13 08:02:44.742121+00
1316,1249,2026-05-13 08:02:44.742121+00
1316,1267,2026-05-13 08:02:44.742121+00
1316,1203,2026-05-13 08:02:44.742121+00
1317,1229,2026-05-13 08:02:44.742121+00
1317,1218,2026-05-13 08:02:44.742121+00
1317,1209,2026-05-13 08:02:44.742121+00
1318,1235,2026-05-13 08:02:44.742121+00
1318,1252,2026-05-13 08:02:44.742121+00
1319,1230,2026-05-13 08:02:44.742121+00
1319,1228,2026-05-13 08:02:44.742121+00
1319,1198,2026-05-13 08:02:44.742121+00
1319,1243,2026-05-13 08:02:44.742121+00
1320,1244,2026-05-13 08:02:44.742121+00
1322,1251,2026-05-13 08:02:44.742121+00
1324,1201,2026-05-13 08:02:44.742121+00
1324,1228,2026-05-13 08:02:44.742121+00
1324,1257,2026-05-13 08:02:44.742121+00
1324,1203,2026-05-13 08:02:44.742121+00
1324,1268,2026-05-13 08:02:44.742121+00
1324,1225,2026-05-13 08:02:44.742121+00
1324,1266,2026-05-13 08:02:44.742121+00
1324,1204,2026-05-13 08:02:44.742121+00
1325,1234,2026-05-13 08:02:44.742121+00
1326,1194,2026-05-13 08:02:44.742121+00
1327,1237,2026-05-13 08:02:44.742121+00
1327,1201,2026-05-13 08:02:44.742121+00
1327,1220,2026-05-13 08:02:44.742121+00
1327,1239,2026-05-13 08:02:44.742121+00
1327,1263,2026-05-13 08:02:44.742121+00
1328,1216,2026-05-13 08:02:44.742121+00
1328,1243,2026-05-13 08:02:44.742121+00
1328,1262,2026-05-13 08:02:44.742121+00
1328,1220,2026-05-13 08:02:44.742121+00
1328,1205,2026-05-13 08:02:44.742121+00
1329,1257,2026-05-13 08:02:44.742121+00
1329,1202,2026-05-13 08:02:44.742121+00
1329,1266,2026-05-13 08:02:44.742121+00
1329,1232,2026-05-13 08:02:44.742121+00
1329,1219,2026-05-13 08:02:44.742121+00
1330,1229,2026-05-13 08:02:44.742121+00
1331,1206,2026-05-13 08:02:44.742121+00
1331,1265,2026-05-13 08:02:44.742121+00
1331,1254,2026-05-13 08:02:44.742121+00
1334,1233,2026-05-13 08:02:44.742121+00
1334,1216,2026-05-13 08:02:44.742121+00
1335,1194,2026-05-13 08:02:44.742121+00
1335,1262,2026-05-13 08:02:44.742121+00
1335,1206,2026-05-13 08:02:44.742121+00
1335,1251,2026-05-13 08:02:44.742121+00
1335,1267,2026-05-13 08:02:44.742121+00
1335,1195,2026-05-13 08:02:44.742121+00
1336,1250,2026-05-13 08:02:44.742121+00
1336,1219,2026-05-13 08:02:44.742121+00
1338,1232,2026-05-13 08:02:44.742121+00
1338,1207,2026-05-13 08:02:44.742121+00
1338,1239,2026-05-13 08:02:44.742121+00
1338,1203,2026-05-13 08:02:44.742121+00
1338,1254,2026-05-13 08:02:44.742121+00
1338,1270,2026-05-13 08:02:44.742121+00
1338,1221,2026-05-13 08:02:44.742121+00
1339,1194,2026-05-13 08:02:44.742121+00
1339,1270,2026-05-13 08:02:44.742121+00
1339,1205,2026-05-13 08:02:44.742121+00
1339,1220,2026-05-13 08:02:44.742121+00
1340,1247,2026-05-13 08:02:44.742121+00
1340,1198,2026-05-13 08:02:44.742121+00
1341,1268,2026-05-13 08:02:44.742121+00
1341,1252,2026-05-13 08:02:44.742121+00
1341,1198,2026-05-13 08:02:44.742121+00
1341,1203,2026-05-13 08:02:44.742121+00
1343,1234,2026-05-13 08:02:44.742121+00
1343,1223,2026-05-13 08:02:44.742121+00
1343,1219,2026-05-13 08:02:44.742121+00
1344,1254,2026-05-13 08:02:44.742121+00
1344,1233,2026-05-13 08:02:44.742121+00
1344,1205,2026-05-13 08:02:44.742121+00
1344,1219,2026-05-13 08:02:44.742121+00
1344,1195,2026-05-13 08:02:44.742121+00
1344,1222,2026-05-13 08:02:44.742121+00
1345,1231,2026-05-13 08:02:44.742121+00
1345,1237,2026-05-13 08:02:44.742121+00
1345,1257,2026-05-13 08:02:44.742121+00
1345,1195,2026-05-13 08:02:44.742121+00
1345,1201,2026-05-13 08:02:44.742121+00
1346,1214,2026-05-13 08:02:44.742121+00
1346,1224,2026-05-13 08:02:44.742121+00
1347,1201,2026-05-13 08:02:44.742121+00
1347,1207,2026-05-13 08:02:44.742121+00
1348,1213,2026-05-13 08:02:44.742121+00
1348,1234,2026-05-13 08:02:44.742121+00
1350,1245,2026-05-13 08:02:44.742121+00
1351,1264,2026-05-13 08:02:44.742121+00
1352,1210,2026-05-13 08:02:44.742121+00
1352,1229,2026-05-13 08:02:44.742121+00
1352,1240,2026-05-13 08:02:44.742121+00
1352,1230,2026-05-13 08:02:44.742121+00
1353,1262,2026-05-13 08:02:44.742121+00
1353,1199,2026-05-13 08:02:44.742121+00
1353,1246,2026-05-13 08:02:44.742121+00
1353,1251,2026-05-13 08:02:44.742121+00
1354,1250,2026-05-13 08:02:44.742121+00
1354,1269,2026-05-13 08:02:44.742121+00
1355,1231,2026-05-13 08:02:44.742121+00
1355,1209,2026-05-13 08:02:44.742121+00
1355,1243,2026-05-13 08:02:44.742121+00
1358,1263,2026-05-13 08:02:44.742121+00
1358,1194,2026-05-13 08:02:44.742121+00
1358,1217,2026-05-13 08:02:44.742121+00
1358,1208,2026-05-13 08:02:44.742121+00
1361,1228,2026-05-13 08:02:44.742121+00
1361,1234,2026-05-13 08:02:44.742121+00
1361,1259,2026-05-13 08:02:44.742121+00
1363,1194,2026-05-13 08:02:44.742121+00
1364,1201,2026-05-13 08:02:44.742121+00
1364,1242,2026-05-13 08:02:44.742121+00
1366,1216,2026-05-13 08:02:44.742121+00
1366,1215,2026-05-13 08:02:44.742121+00
1366,1256,2026-05-13 08:02:44.742121+00
1367,1197,2026-05-13 08:02:44.742121+00
1367,1224,2026-05-13 08:02:44.742121+00
1367,1207,2026-05-13 08:02:44.742121+00
1368,1194,2026-05-13 08:02:44.742121+00
1368,1232,2026-05-13 08:02:44.742121+00
1368,1196,2026-05-13 08:02:44.742121+00
1368,1198,2026-05-13 08:02:44.742121+00
1368,1261,2026-05-13 08:02:44.742121+00
1368,1211,2026-05-13 08:02:44.742121+00
1368,1221,2026-05-13 08:02:44.742121+00
1369,1271,2026-05-13 08:02:44.742121+00
1369,1258,2026-05-13 08:02:44.742121+00
1370,1219,2026-05-13 08:02:44.742121+00
1370,1234,2026-05-13 08:02:44.742121+00
1372,1237,2026-05-13 08:02:44.742121+00
1372,1199,2026-05-13 08:02:44.742121+00
1372,1214,2026-05-13 08:02:44.742121+00
1372,1203,2026-05-13 08:02:44.742121+00
1373,1227,2026-05-13 08:02:44.742121+00
1373,1229,2026-05-13 08:02:44.742121+00
1373,1268,2026-05-13 08:02:44.742121+00
1373,1247,2026-05-13 08:02:44.742121+00
1373,1231,2026-05-13 08:02:44.742121+00
1374,1253,2026-05-13 08:02:44.742121+00
1374,1255,2026-05-13 08:02:44.742121+00
1374,1228,2026-05-13 08:02:44.742121+00
1374,1266,2026-05-13 08:02:44.742121+00
1375,1220,2026-05-13 08:02:44.742121+00
1375,1194,2026-05-13 08:02:44.742121+00
1375,1265,2026-05-13 08:02:44.742121+00
1376,1271,2026-05-13 08:02:44.742121+00
1376,1267,2026-05-13 08:02:44.742121+00
1376,1254,2026-05-13 08:02:44.742121+00
1376,1230,2026-05-13 08:02:44.742121+00
1377,1255,2026-05-13 08:02:44.742121+00
1377,1208,2026-05-13 08:02:44.742121+00
1377,1257,2026-05-13 08:02:44.742121+00
1377,1251,2026-05-13 08:02:44.742121+00
1378,1251,2026-05-13 08:02:44.742121+00
1378,1195,2026-05-13 08:02:44.742121+00
1379,1263,2026-05-13 08:02:44.742121+00
1379,1220,2026-05-13 08:02:44.742121+00
1381,1258,2026-05-13 08:02:44.742121+00
1381,1246,2026-05-13 08:02:44.742121+00
1381,1231,2026-05-13 08:02:44.742121+00
1382,1267,2026-05-13 08:02:44.742121+00
1382,1255,2026-05-13 08:02:44.742121+00
1382,1258,2026-05-13 08:02:44.742121+00
1382,1259,2026-05-13 08:02:44.742121+00
1383,1250,2026-05-13 08:02:44.742121+00
1383,1235,2026-05-13 08:02:44.742121+00
1383,1232,2026-05-13 08:02:44.742121+00
1383,1211,2026-05-13 08:02:44.742121+00
1384,1252,2026-05-13 08:02:44.742121+00
1384,1200,2026-05-13 08:02:44.742121+00
1386,1257,2026-05-13 08:02:44.742121+00
1386,1241,2026-05-13 08:02:44.742121+00
1386,1203,2026-05-13 08:02:44.742121+00
1387,1258,2026-05-13 08:02:44.742121+00
1388,1260,2026-05-13 08:02:44.742121+00
1388,1266,2026-05-13 08:02:44.742121+00
1388,1239,2026-05-13 08:02:44.742121+00
1389,1238,2026-05-13 08:02:44.742121+00
1389,1227,2026-05-13 08:02:44.742121+00
1390,1266,2026-05-13 08:02:44.742121+00
1391,1251,2026-05-13 08:02:44.742121+00
1392,1232,2026-05-13 08:02:44.742121+00
1392,1208,2026-05-13 08:02:44.742121+00
1393,1269,2026-05-13 08:02:44.742121+00
1394,1228,2026-05-13 08:02:44.742121+00
1394,1267,2026-05-13 08:02:44.742121+00
1394,1195,2026-05-13 08:02:44.742121+00
1394,1251,2026-05-13 08:02:44.742121+00
1395,1235,2026-05-13 08:02:44.742121+00
1395,1260,2026-05-13 08:02:44.742121+00
1395,1237,2026-05-13 08:02:44.742121+00
1396,1237,2026-05-13 08:02:44.742121+00
1396,1254,2026-05-13 08:02:44.742121+00
1397,1213,2026-05-13 08:02:44.742121+00
1398,1198,2026-05-13 08:02:44.742121+00
1398,1246,2026-05-13 08:02:44.742121+00
1398,1195,2026-05-13 08:02:44.742121+00
1398,1268,2026-05-13 08:02:44.742121+00
1399,1271,2026-05-13 08:02:44.742121+00
1400,1199,2026-05-13 08:02:44.742121+00
1400,1229,2026-05-13 08:02:44.742121+00
1400,1194,2026-05-13 08:02:44.742121+00
1400,1211,2026-05-13 08:02:44.742121+00
1403,1244,2026-05-13 08:02:44.742121+00
1403,1254,2026-05-13 08:02:44.742121+00
1403,1253,2026-05-13 08:02:44.742121+00
1404,1235,2026-05-13 08:02:44.742121+00
1404,1249,2026-05-13 08:02:44.742121+00
1404,1212,2026-05-13 08:02:44.742121+00
1407,1224,2026-05-13 08:02:44.742121+00
1407,1261,2026-05-13 08:02:44.742121+00
1407,1236,2026-05-13 08:02:44.742121+00
1410,1239,2026-05-13 08:02:44.742121+00
1410,1208,2026-05-13 08:02:44.742121+00
1410,1234,2026-05-13 08:02:44.742121+00
1410,1198,2026-05-13 08:02:44.742121+00
1413,1263,2026-05-13 08:02:44.742121+00
1413,1250,2026-05-13 08:02:44.742121+00
1413,1223,2026-05-13 08:02:44.742121+00
1413,1232,2026-05-13 08:02:44.742121+00
1414,1222,2026-05-13 08:02:44.742121+00
1415,1228,2026-05-13 08:02:44.742121+00
1415,1245,2026-05-13 08:02:44.742121+00
1415,1224,2026-05-13 08:02:44.742121+00
1415,1229,2026-05-13 08:02:44.742121+00
1417,1254,2026-05-13 08:02:44.742121+00
1417,1261,2026-05-13 08:02:44.742121+00
1418,1215,2026-05-13 08:02:44.742121+00
1418,1198,2026-05-13 08:02:44.742121+00
1419,1221,2026-05-13 08:02:44.742121+00
1420,1266,2026-05-13 08:02:44.742121+00
1421,1200,2026-05-13 08:02:44.742121+00
1421,1245,2026-05-13 08:02:44.742121+00
1421,1256,2026-05-13 08:02:44.742121+00
1423,1224,2026-05-13 08:02:44.742121+00
1423,1269,2026-05-13 08:02:44.742121+00
1423,1246,2026-05-13 08:02:44.742121+00
1423,1230,2026-05-13 08:02:44.742121+00
1424,1259,2026-05-13 08:02:44.742121+00
1424,1224,2026-05-13 08:02:44.742121+00
1426,1222,2026-05-13 08:02:44.742121+00
1426,1258,2026-05-13 08:02:44.742121+00
1426,1210,2026-05-13 08:02:44.742121+00
1426,1265,2026-05-13 08:02:44.742121+00
1426,1266,2026-05-13 08:02:44.742121+00
1426,1220,2026-05-13 08:02:44.742121+00
1429,1206,2026-05-13 08:02:44.742121+00
1429,1250,2026-05-13 08:02:44.742121+00
1429,1202,2026-05-13 08:02:44.742121+00
1431,1219,2026-05-13 08:02:44.742121+00
1431,1256,2026-05-13 08:02:44.742121+00
1431,1239,2026-05-13 08:02:44.742121+00
1431,1259,2026-05-13 08:02:44.742121+00
1431,1264,2026-05-13 08:02:44.742121+00
1431,1199,2026-05-13 08:02:44.742121+00
1431,1194,2026-05-13 08:02:44.742121+00
1432,1255,2026-05-13 08:02:44.742121+00
1432,1227,2026-05-13 08:02:44.742121+00
1433,1199,2026-05-13 08:02:44.742121+00
1433,1209,2026-05-13 08:02:44.742121+00
1433,1201,2026-05-13 08:02:44.742121+00
1433,1211,2026-05-13 08:02:44.742121+00
1433,1241,2026-05-13 08:02:44.742121+00
1434,1241,2026-05-13 08:02:44.742121+00
1434,1213,2026-05-13 08:02:44.742121+00
1434,1261,2026-05-13 08:02:44.742121+00
1435,1205,2026-05-13 08:02:44.742121+00
1435,1239,2026-05-13 08:02:44.742121+00
1437,1258,2026-05-13 08:02:44.742121+00
1437,1266,2026-05-13 08:02:44.742121+00
1437,1233,2026-05-13 08:02:44.742121+00
1439,1215,2026-05-13 08:02:44.742121+00
1439,1261,2026-05-13 08:02:44.742121+00
1439,1228,2026-05-13 08:02:44.742121+00
1439,1242,2026-05-13 08:02:44.742121+00
1439,1218,2026-05-13 08:02:44.742121+00
1440,1195,2026-05-13 08:02:44.742121+00
1440,1224,2026-05-13 08:02:44.742121+00
1442,1232,2026-05-13 08:02:44.742121+00
1442,1199,2026-05-13 08:02:44.742121+00
1443,1231,2026-05-13 08:02:44.742121+00
1443,1225,2026-05-13 08:02:44.742121+00
1444,1197,2026-05-13 08:02:44.742121+00
1444,1218,2026-05-13 08:02:44.742121+00
1444,1204,2026-05-13 08:02:44.742121+00
1444,1257,2026-05-13 08:02:44.742121+00
1444,1215,2026-05-13 08:02:44.742121+00
1444,1245,2026-05-13 08:02:44.742121+00
1445,1263,2026-05-13 08:02:44.742121+00
1445,1227,2026-05-13 08:02:44.742121+00
1445,1221,2026-05-13 08:02:44.742121+00
1445,1200,2026-05-13 08:02:44.742121+00
1446,1246,2026-05-13 08:02:44.742121+00
1446,1222,2026-05-13 08:02:44.742121+00
1446,1225,2026-05-13 08:02:44.742121+00
1447,1227,2026-05-13 08:02:44.742121+00
1447,1258,2026-05-13 08:02:44.742121+00
1447,1201,2026-05-13 08:02:44.742121+00
1448,1215,2026-05-13 08:02:44.742121+00
1448,1261,2026-05-13 08:02:44.742121+00
1448,1200,2026-05-13 08:02:44.742121+00
1450,1198,2026-05-13 08:02:44.742121+00
1450,1217,2026-05-13 08:02:44.742121+00
1450,1269,2026-05-13 08:02:44.742121+00
1451,1266,2026-05-13 08:02:44.742121+00
1452,1244,2026-05-13 08:02:44.742121+00
1452,1209,2026-05-13 08:02:44.742121+00
1452,1255,2026-05-13 08:02:44.742121+00
1453,1268,2026-05-13 08:02:44.742121+00
1453,1199,2026-05-13 08:02:44.742121+00
1453,1210,2026-05-13 08:02:44.742121+00
1454,1259,2026-05-13 08:02:44.742121+00
1454,1238,2026-05-13 08:02:44.742121+00
1455,1219,2026-05-13 08:02:44.742121+00
1455,1255,2026-05-13 08:02:44.742121+00
1455,1224,2026-05-13 08:02:44.742121+00
1456,1204,2026-05-13 08:02:44.742121+00
1456,1207,2026-05-13 08:02:44.742121+00
1457,1209,2026-05-13 08:02:44.742121+00
1457,1251,2026-05-13 08:02:44.742121+00
1458,1218,2026-05-13 08:02:44.742121+00
1458,1222,2026-05-13 08:02:44.742121+00
1458,1241,2026-05-13 08:02:44.742121+00
1459,1262,2026-05-13 08:02:44.742121+00
1459,1245,2026-05-13 08:02:44.742121+00
1459,1196,2026-05-13 08:02:44.742121+00
1459,1267,2026-05-13 08:02:44.742121+00
1459,1265,2026-05-13 08:02:44.742121+00
1459,1253,2026-05-13 08:02:44.742121+00
1460,1246,2026-05-13 08:02:44.742121+00
1460,1209,2026-05-13 08:02:44.742121+00
1460,1270,2026-05-13 08:02:44.742121+00
1460,1267,2026-05-13 08:02:44.742121+00
1461,1234,2026-05-13 08:02:44.742121+00
1461,1236,2026-05-13 08:02:44.742121+00
1461,1200,2026-05-13 08:02:44.742121+00
1462,1216,2026-05-13 08:02:44.742121+00
1462,1197,2026-05-13 08:02:44.742121+00
1462,1247,2026-05-13 08:02:44.742121+00
1462,1223,2026-05-13 08:02:44.742121+00
1462,1234,2026-05-13 08:02:44.742121+00
1463,1245,2026-05-13 08:02:44.742121+00
1463,1237,2026-05-13 08:02:44.742121+00
1463,1220,2026-05-13 08:02:44.742121+00
1464,1224,2026-05-13 08:02:44.742121+00
1465,1259,2026-05-13 08:02:44.742121+00
1465,1238,2026-05-13 08:02:44.742121+00
1465,1213,2026-05-13 08:02:44.742121+00
1465,1271,2026-05-13 08:02:44.742121+00
1466,1196,2026-05-13 08:02:44.742121+00
1466,1242,2026-05-13 08:02:44.742121+00
1467,1265,2026-05-13 08:02:44.742121+00
1467,1247,2026-05-13 08:02:44.742121+00
1468,1211,2026-05-13 08:02:44.742121+00
1469,1232,2026-05-13 08:02:44.742121+00
1469,1247,2026-05-13 08:02:44.742121+00
1469,1204,2026-05-13 08:02:44.742121+00
1469,1263,2026-05-13 08:02:44.742121+00
1470,1197,2026-05-13 08:02:44.742121+00
1470,1265,2026-05-13 08:02:44.742121+00
1471,1252,2026-05-13 08:02:44.742121+00
1471,1267,2026-05-13 08:02:44.742121+00
1471,1265,2026-05-13 08:02:44.742121+00
1472,1209,2026-05-13 08:02:44.742121+00
1473,1238,2026-05-13 08:02:44.742121+00
1473,1216,2026-05-13 08:02:44.742121+00
1473,1266,2026-05-13 08:02:44.742121+00
1473,1222,2026-05-13 08:02:44.742121+00
1474,1211,2026-05-13 08:02:44.742121+00
1474,1214,2026-05-13 08:02:44.742121+00
1474,1270,2026-05-13 08:02:44.742121+00
1474,1247,2026-05-13 08:02:44.742121+00
1475,1270,2026-05-13 08:02:44.742121+00
1475,1201,2026-05-13 08:02:44.742121+00
1475,1250,2026-05-13 08:02:44.742121+00
1475,1271,2026-05-13 08:02:44.742121+00
1475,1262,2026-05-13 08:02:44.742121+00
1475,1245,2026-05-13 08:02:44.742121+00
1477,1209,2026-05-13 08:02:44.742121+00
1477,1259,2026-05-13 08:02:44.742121+00
1477,1229,2026-05-13 08:02:44.742121+00
1477,1208,2026-05-13 08:02:44.742121+00
1477,1196,2026-05-13 08:02:44.742121+00
1478,1216,2026-05-13 08:02:44.742121+00
1478,1254,2026-05-13 08:02:44.742121+00
1480,1205,2026-05-13 08:02:44.742121+00
1480,1228,2026-05-13 08:02:44.742121+00
1481,1206,2026-05-13 08:02:44.742121+00
1482,1219,2026-05-13 08:02:44.742121+00
1482,1245,2026-05-13 08:02:44.742121+00
1482,1255,2026-05-13 08:02:44.742121+00
1483,1214,2026-05-13 08:02:44.742121+00
1483,1219,2026-05-13 08:02:44.742121+00
1484,1259,2026-05-13 08:02:44.742121+00
1484,1194,2026-05-13 08:02:44.742121+00
1486,1242,2026-05-13 08:02:44.742121+00
1486,1221,2026-05-13 08:02:44.742121+00
1486,1210,2026-05-13 08:02:44.742121+00
1486,1215,2026-05-13 08:02:44.742121+00
1486,1241,2026-05-13 08:02:44.742121+00
1486,1225,2026-05-13 08:02:44.742121+00
1487,1244,2026-05-13 08:02:44.742121+00
1487,1271,2026-05-13 08:02:44.742121+00
1488,1239,2026-05-13 08:02:44.742121+00
1489,1254,2026-05-13 08:02:44.742121+00
1489,1244,2026-05-13 08:02:44.742121+00
1489,1260,2026-05-13 08:02:44.742121+00
1490,1220,2026-05-13 08:02:44.742121+00
1491,1242,2026-05-13 08:02:44.742121+00
1491,1217,2026-05-13 08:02:44.742121+00
1491,1243,2026-05-13 08:02:44.742121+00
1492,1238,2026-05-13 08:02:44.742121+00
1493,1231,2026-05-13 08:02:44.742121+00
1494,1212,2026-05-13 08:02:44.742121+00
1494,1262,2026-05-13 08:02:44.742121+00
1494,1254,2026-05-13 08:02:44.742121+00
1494,1224,2026-05-13 08:02:44.742121+00
1494,1197,2026-05-13 08:02:44.742121+00
1496,1213,2026-05-13 08:02:44.742121+00
1496,1246,2026-05-13 08:02:44.742121+00
1498,1247,2026-05-13 08:02:44.742121+00
1498,1249,2026-05-13 08:02:44.742121+00
1498,1229,2026-05-13 08:02:44.742121+00
1498,1209,2026-05-13 08:02:44.742121+00
1498,1244,2026-05-13 08:02:44.742121+00
1499,1240,2026-05-13 08:02:44.742121+00
1499,1215,2026-05-13 08:02:44.742121+00
1499,1228,2026-05-13 08:02:44.742121+00
1499,1237,2026-05-13 08:02:44.742121+00
1500,1255,2026-05-13 08:02:44.742121+00
1500,1263,2026-05-13 08:02:44.742121+00
1500,1246,2026-05-13 08:02:44.742121+00
1500,1262,2026-05-13 08:02:44.742121+00
1501,1268,2026-05-13 08:02:44.742121+00
1501,1261,2026-05-13 08:02:44.742121+00
1501,1219,2026-05-13 08:02:44.742121+00
1503,1244,2026-05-13 08:02:44.742121+00
1503,1230,2026-05-13 08:02:44.742121+00
1503,1207,2026-05-13 08:02:44.742121+00
1504,1258,2026-05-13 08:02:44.742121+00
1504,1197,2026-05-13 08:02:44.742121+00
1505,1202,2026-05-13 08:02:44.742121+00
1505,1229,2026-05-13 08:02:44.742121+00
1505,1235,2026-05-13 08:02:44.742121+00
1507,1271,2026-05-13 08:02:44.742121+00
1507,1261,2026-05-13 08:02:44.742121+00
1508,1203,2026-05-13 08:02:44.742121+00
1508,1216,2026-05-13 08:02:44.742121+00
1509,1198,2026-05-13 08:02:44.742121+00
1509,1244,2026-05-13 08:02:44.742121+00
1511,1198,2026-05-13 08:02:44.742121+00
1511,1230,2026-05-13 08:02:44.742121+00
1511,1258,2026-05-13 08:02:44.742121+00
1511,1236,2026-05-13 08:02:44.742121+00
1512,1241,2026-05-13 08:02:44.742121+00
1512,1248,2026-05-13 08:02:44.742121+00
1512,1217,2026-05-13 08:02:44.742121+00
1513,1232,2026-05-13 08:02:44.742121+00
1514,1221,2026-05-13 08:02:44.742121+00
1514,1220,2026-05-13 08:02:44.742121+00
1514,1269,2026-05-13 08:02:44.742121+00
1516,1266,2026-05-13 08:02:44.742121+00
1517,1262,2026-05-13 08:02:44.742121+00
1517,1271,2026-05-13 08:02:44.742121+00
1517,1263,2026-05-13 08:02:44.742121+00
1517,1231,2026-05-13 08:02:44.742121+00
1517,1255,2026-05-13 08:02:44.742121+00
1517,1249,2026-05-13 08:02:44.742121+00
1517,1197,2026-05-13 08:02:44.742121+00
1518,1244,2026-05-13 08:02:44.742121+00
1518,1262,2026-05-13 08:02:44.742121+00
1519,1231,2026-05-13 08:02:44.742121+00
1519,1203,2026-05-13 08:02:44.742121+00
1519,1262,2026-05-13 08:02:44.742121+00
1519,1235,2026-05-13 08:02:44.742121+00
1519,1227,2026-05-13 08:02:44.742121+00
1520,1233,2026-05-13 08:02:44.742121+00
1520,1236,2026-05-13 08:02:44.742121+00
1520,1237,2026-05-13 08:02:44.742121+00
1520,1241,2026-05-13 08:02:44.742121+00
1521,1198,2026-05-13 08:02:44.742121+00
1521,1238,2026-05-13 08:02:44.742121+00
1521,1254,2026-05-13 08:02:44.742121+00
1524,1200,2026-05-13 08:02:44.742121+00
1524,1210,2026-05-13 08:02:44.742121+00
1524,1223,2026-05-13 08:02:44.742121+00
1524,1266,2026-05-13 08:02:44.742121+00
1525,1227,2026-05-13 08:02:44.742121+00
1526,1258,2026-05-13 08:02:44.742121+00
1526,1253,2026-05-13 08:02:44.742121+00
1526,1267,2026-05-13 08:02:44.742121+00
1528,1198,2026-05-13 08:02:44.742121+00
1528,1200,2026-05-13 08:02:44.742121+00
1528,1264,2026-05-13 08:02:44.742121+00
1528,1233,2026-05-13 08:02:44.742121+00
1529,1201,2026-05-13 08:02:44.742121+00
1529,1216,2026-05-13 08:02:44.742121+00
1529,1240,2026-05-13 08:02:44.742121+00
1529,1205,2026-05-13 08:02:44.742121+00
1530,1218,2026-05-13 08:02:44.742121+00
1530,1215,2026-05-13 08:02:44.742121+00
1530,1268,2026-05-13 08:02:44.742121+00
1531,1237,2026-05-13 08:02:44.742121+00
1532,1264,2026-05-13 08:02:44.742121+00
1532,1246,2026-05-13 08:02:44.742121+00
1532,1258,2026-05-13 08:02:44.742121+00
1532,1261,2026-05-13 08:02:44.742121+00
1532,1209,2026-05-13 08:02:44.742121+00
1533,1268,2026-05-13 08:02:44.742121+00
1533,1199,2026-05-13 08:02:44.742121+00
1533,1242,2026-05-13 08:02:44.742121+00
1534,1215,2026-05-13 08:02:44.742121+00
1535,1228,2026-05-13 08:02:44.742121+00
1535,1227,2026-05-13 08:02:44.742121+00
1536,1253,2026-05-13 08:02:44.742121+00
1536,1250,2026-05-13 08:02:44.742121+00
1537,1269,2026-05-13 08:02:44.742121+00
1537,1212,2026-05-13 08:02:44.742121+00
1537,1239,2026-05-13 08:02:44.742121+00
1537,1221,2026-05-13 08:02:44.742121+00
1538,1235,2026-05-13 08:02:44.742121+00
1539,1254,2026-05-13 08:02:44.742121+00
1539,1219,2026-05-13 08:02:44.742121+00
1539,1225,2026-05-13 08:02:44.742121+00
1540,1265,2026-05-13 08:02:44.742121+00
1540,1266,2026-05-13 08:02:44.742121+00
1540,1259,2026-05-13 08:02:44.742121+00
1541,1259,2026-05-13 08:02:44.742121+00
1541,1208,2026-05-13 08:02:44.742121+00
1541,1221,2026-05-13 08:02:44.742121+00
1541,1196,2026-05-13 08:02:44.742121+00
1541,1203,2026-05-13 08:02:44.742121+00
1541,1222,2026-05-13 08:02:44.742121+00
1542,1199,2026-05-13 08:02:44.742121+00
1543,1263,2026-05-13 08:02:44.742121+00
1544,1225,2026-05-13 08:02:44.742121+00
1544,1268,2026-05-13 08:02:44.742121+00
1544,1255,2026-05-13 08:02:44.742121+00
1545,1237,2026-05-13 08:02:44.742121+00
1545,1203,2026-05-13 08:02:44.742121+00
1545,1268,2026-05-13 08:02:44.742121+00
1546,1264,2026-05-13 08:02:44.742121+00
1546,1254,2026-05-13 08:02:44.742121+00
1546,1251,2026-05-13 08:02:44.742121+00
1546,1218,2026-05-13 08:02:44.742121+00
1548,1211,2026-05-13 08:02:44.742121+00
1548,1236,2026-05-13 08:02:44.742121+00
1549,1200,2026-05-13 08:02:44.742121+00
1551,1210,2026-05-13 08:02:44.742121+00
1551,1222,2026-05-13 08:02:44.742121+00
1551,1254,2026-05-13 08:02:44.742121+00
1551,1194,2026-05-13 08:02:44.742121+00
1551,1205,2026-05-13 08:02:44.742121+00
1552,1211,2026-05-13 08:02:44.742121+00
1552,1251,2026-05-13 08:02:44.742121+00
1552,1270,2026-05-13 08:02:44.742121+00
1552,1223,2026-05-13 08:02:44.742121+00
1554,1198,2026-05-13 08:02:44.742121+00
1554,1216,2026-05-13 08:02:44.742121+00
1554,1220,2026-05-13 08:02:44.742121+00
1554,1222,2026-05-13 08:02:44.742121+00
1555,1213,2026-05-13 08:02:44.742121+00
1555,1233,2026-05-13 08:02:44.742121+00
1555,1200,2026-05-13 08:02:44.742121+00
1555,1217,2026-05-13 08:02:44.742121+00
1556,1237,2026-05-13 08:02:44.742121+00
1556,1261,2026-05-13 08:02:44.742121+00
1557,1231,2026-05-13 08:02:44.742121+00
1557,1264,2026-05-13 08:02:44.742121+00
1557,1202,2026-05-13 08:02:44.742121+00
1557,1222,2026-05-13 08:02:44.742121+00
1559,1219,2026-05-13 08:02:44.742121+00
1559,1269,2026-05-13 08:02:44.742121+00
1560,1252,2026-05-13 08:02:44.742121+00
1560,1250,2026-05-13 08:02:44.742121+00
1561,1225,2026-05-13 08:02:44.742121+00
1562,1194,2026-05-13 08:02:44.742121+00
1562,1216,2026-05-13 08:02:44.742121+00
1562,1263,2026-05-13 08:02:44.742121+00
1562,1251,2026-05-13 08:02:44.742121+00
1563,1194,2026-05-13 08:02:44.742121+00
1563,1229,2026-05-13 08:02:44.742121+00
1563,1228,2026-05-13 08:02:44.742121+00
1564,1216,2026-05-13 08:02:44.742121+00
1565,1255,2026-05-13 08:02:44.742121+00
1565,1232,2026-05-13 08:02:44.742121+00
1565,1260,2026-05-13 08:02:44.742121+00
1565,1251,2026-05-13 08:02:44.742121+00
1566,1211,2026-05-13 08:02:44.742121+00
1566,1271,2026-05-13 08:02:44.742121+00
1566,1268,2026-05-13 08:02:44.742121+00
1567,1205,2026-05-13 08:02:44.742121+00
1567,1240,2026-05-13 08:02:44.742121+00
1567,1228,2026-05-13 08:02:44.742121+00
1568,1250,2026-05-13 08:02:44.742121+00
1568,1202,2026-05-13 08:02:44.742121+00
1568,1199,2026-05-13 08:02:44.742121+00
1568,1211,2026-05-13 08:02:44.742121+00
1568,1238,2026-05-13 08:02:44.742121+00
1569,1196,2026-05-13 08:02:44.742121+00
1569,1237,2026-05-13 08:02:44.742121+00
1569,1247,2026-05-13 08:02:44.742121+00
1570,1264,2026-05-13 08:02:44.742121+00
1570,1200,2026-05-13 08:02:44.742121+00
1570,1234,2026-05-13 08:02:44.742121+00
1570,1238,2026-05-13 08:02:44.742121+00
1570,1255,2026-05-13 08:02:44.742121+00
1570,1218,2026-05-13 08:02:44.742121+00
1572,1203,2026-05-13 08:02:44.742121+00
1572,1256,2026-05-13 08:02:44.742121+00
1572,1249,2026-05-13 08:02:44.742121+00
1572,1209,2026-05-13 08:02:44.742121+00
1572,1213,2026-05-13 08:02:44.742121+00
1572,1214,2026-05-13 08:02:44.742121+00
1572,1252,2026-05-13 08:02:44.742121+00
1573,1206,2026-05-13 08:02:44.742121+00
1574,1265,2026-05-13 08:02:44.742121+00
1574,1257,2026-05-13 08:02:44.742121+00
1576,1266,2026-05-13 08:02:44.742121+00
1576,1202,2026-05-13 08:02:44.742121+00
1576,1222,2026-05-13 08:02:44.742121+00
1577,1240,2026-05-13 08:02:44.742121+00
1577,1198,2026-05-13 08:02:44.742121+00
1577,1233,2026-05-13 08:02:44.742121+00
1577,1257,2026-05-13 08:02:44.742121+00
1578,1243,2026-05-13 08:02:44.742121+00
1578,1241,2026-05-13 08:02:44.742121+00
1580,1201,2026-05-13 08:02:44.742121+00
1580,1256,2026-05-13 08:02:44.742121+00
1580,1251,2026-05-13 08:02:44.742121+00
1581,1225,2026-05-13 08:02:44.742121+00
1581,1237,2026-05-13 08:02:44.742121+00
1581,1250,2026-05-13 08:02:44.742121+00
1582,1194,2026-05-13 08:02:44.742121+00
1583,1253,2026-05-13 08:02:44.742121+00
1583,1236,2026-05-13 08:02:44.742121+00
1584,1235,2026-05-13 08:02:44.742121+00
1584,1263,2026-05-13 08:02:44.742121+00
1584,1196,2026-05-13 08:02:44.742121+00
1585,1197,2026-05-13 08:02:44.742121+00
1585,1214,2026-05-13 08:02:44.742121+00
1586,1228,2026-05-13 08:02:44.742121+00
1586,1203,2026-05-13 08:02:44.742121+00
1587,1258,2026-05-13 08:02:44.742121+00
1589,1228,2026-05-13 08:02:44.742121+00
1589,1247,2026-05-13 08:02:44.742121+00
1589,1223,2026-05-13 08:02:44.742121+00
1589,1200,2026-05-13 08:02:44.742121+00
1589,1208,2026-05-13 08:02:44.742121+00
1589,1215,2026-05-13 08:02:44.742121+00
1590,1199,2026-05-13 08:02:44.742121+00
1590,1244,2026-05-13 08:02:44.742121+00
1590,1209,2026-05-13 08:02:44.742121+00
1591,1207,2026-05-13 08:02:44.742121+00
1591,1258,2026-05-13 08:02:44.742121+00
1591,1271,2026-05-13 08:02:44.742121+00
1592,1264,2026-05-13 08:02:44.742121+00
1592,1237,2026-05-13 08:02:44.742121+00
1594,1214,2026-05-13 08:02:44.742121+00
1594,1220,2026-05-13 08:02:44.742121+00
1594,1200,2026-05-13 08:02:44.742121+00
1594,1246,2026-05-13 08:02:44.742121+00
1594,1248,2026-05-13 08:02:44.742121+00
1595,1240,2026-05-13 08:02:44.742121+00
1595,1229,2026-05-13 08:02:44.742121+00
1595,1212,2026-05-13 08:02:44.742121+00
1595,1249,2026-05-13 08:02:44.742121+00
1596,1195,2026-05-13 08:02:44.742121+00
1596,1250,2026-05-13 08:02:44.742121+00
1596,1261,2026-05-13 08:02:44.742121+00
1596,1269,2026-05-13 08:02:44.742121+00
1596,1257,2026-05-13 08:02:44.742121+00
1597,1225,2026-05-13 08:02:44.742121+00
1597,1251,2026-05-13 08:02:44.742121+00
1599,1198,2026-05-13 08:02:44.742121+00
1600,1218,2026-05-13 08:02:44.742121+00
1600,1250,2026-05-13 08:02:44.742121+00
1600,1259,2026-05-13 08:02:44.742121+00
1600,1254,2026-05-13 08:02:44.742121+00
1600,1263,2026-05-13 08:02:44.742121+00
1601,1201,2026-05-13 08:02:44.742121+00
1601,1251,2026-05-13 08:02:44.742121+00
1601,1226,2026-05-13 08:02:44.742121+00
1602,1233,2026-05-13 08:02:44.742121+00
1602,1246,2026-05-13 08:02:44.742121+00
1602,1259,2026-05-13 08:02:44.742121+00
1602,1263,2026-05-13 08:02:44.742121+00
1602,1266,2026-05-13 08:02:44.742121+00
1602,1203,2026-05-13 08:02:44.742121+00
1602,1218,2026-05-13 08:02:44.742121+00
1603,1197,2026-05-13 08:02:44.742121+00
1603,1245,2026-05-13 08:02:44.742121+00
1603,1200,2026-05-13 08:02:44.742121+00
1603,1254,2026-05-13 08:02:44.742121+00
1603,1201,2026-05-13 08:02:44.742121+00
1604,1203,2026-05-13 08:02:44.742121+00
1604,1271,2026-05-13 08:02:44.742121+00
1604,1244,2026-05-13 08:02:44.742121+00
1605,1244,2026-05-13 08:02:44.742121+00
1605,1229,2026-05-13 08:02:44.742121+00
1605,1267,2026-05-13 08:02:44.742121+00
1606,1226,2026-05-13 08:02:44.742121+00
1606,1211,2026-05-13 08:02:44.742121+00
1606,1198,2026-05-13 08:02:44.742121+00
1606,1256,2026-05-13 08:02:44.742121+00
1607,1206,2026-05-13 08:02:44.742121+00
1608,1198,2026-05-13 08:02:44.742121+00
1608,1205,2026-05-13 08:02:44.742121+00
1608,1237,2026-05-13 08:02:44.742121+00
1608,1255,2026-05-13 08:02:44.742121+00
1608,1240,2026-05-13 08:02:44.742121+00
1608,1213,2026-05-13 08:02:44.742121+00
1609,1269,2026-05-13 08:02:44.742121+00
1609,1260,2026-05-13 08:02:44.742121+00
1609,1199,2026-05-13 08:02:44.742121+00
1609,1222,2026-05-13 08:02:44.742121+00
1610,1248,2026-05-13 08:02:44.742121+00
1610,1267,2026-05-13 08:02:44.742121+00
1611,1259,2026-05-13 08:02:44.742121+00
1613,1198,2026-05-13 08:02:44.742121+00
1614,1257,2026-05-13 08:02:44.742121+00
1614,1232,2026-05-13 08:02:44.742121+00
1614,1250,2026-05-13 08:02:44.742121+00
1617,1210,2026-05-13 08:02:44.742121+00
1617,1238,2026-05-13 08:02:44.742121+00
1617,1258,2026-05-13 08:02:44.742121+00
1618,1256,2026-05-13 08:02:44.742121+00
1618,1197,2026-05-13 08:02:44.742121+00
1618,1229,2026-05-13 08:02:44.742121+00
1618,1269,2026-05-13 08:02:44.742121+00
1619,1250,2026-05-13 08:02:44.742121+00
1619,1264,2026-05-13 08:02:44.742121+00
1619,1233,2026-05-13 08:02:44.742121+00
1621,1212,2026-05-13 08:02:44.742121+00
1621,1196,2026-05-13 08:02:44.742121+00
1622,1204,2026-05-13 08:02:44.742121+00
1622,1266,2026-05-13 08:02:44.742121+00
1623,1197,2026-05-13 08:02:44.742121+00
1623,1217,2026-05-13 08:02:44.742121+00
1623,1238,2026-05-13 08:02:44.742121+00
1623,1233,2026-05-13 08:02:44.742121+00
1624,1240,2026-05-13 08:02:44.742121+00
1624,1248,2026-05-13 08:02:44.742121+00
1624,1250,2026-05-13 08:02:44.742121+00
1626,1265,2026-05-13 08:02:44.742121+00
1626,1237,2026-05-13 08:02:44.742121+00
1626,1211,2026-05-13 08:02:44.742121+00
1629,1242,2026-05-13 08:02:44.742121+00
1629,1237,2026-05-13 08:02:44.742121+00
1630,1230,2026-05-13 08:02:44.742121+00
1630,1197,2026-05-13 08:02:44.742121+00
1631,1211,2026-05-13 08:02:44.742121+00
1631,1240,2026-05-13 08:02:44.742121+00
1631,1197,2026-05-13 08:02:44.742121+00
1631,1232,2026-05-13 08:02:44.742121+00
1631,1214,2026-05-13 08:02:44.742121+00
1631,1222,2026-05-13 08:02:44.742121+00
1632,1255,2026-05-13 08:02:44.742121+00
1632,1205,2026-05-13 08:02:44.742121+00
1632,1236,2026-05-13 08:02:44.742121+00
1632,1198,2026-05-13 08:02:44.742121+00
1632,1232,2026-05-13 08:02:44.742121+00
1632,1223,2026-05-13 08:02:44.742121+00
1632,1264,2026-05-13 08:02:44.742121+00
1633,1268,2026-05-13 08:02:44.742121+00
1633,1266,2026-05-13 08:02:44.742121+00
1633,1248,2026-05-13 08:02:44.742121+00
1633,1194,2026-05-13 08:02:44.742121+00
1633,1220,2026-05-13 08:02:44.742121+00
1634,1221,2026-05-13 08:02:44.742121+00
1634,1250,2026-05-13 08:02:44.742121+00
1634,1227,2026-05-13 08:02:44.742121+00
1634,1220,2026-05-13 08:02:44.742121+00
1634,1259,2026-05-13 08:02:44.742121+00
1634,1258,2026-05-13 08:02:44.742121+00
1635,1257,2026-05-13 08:02:44.742121+00
1635,1249,2026-05-13 08:02:44.742121+00
1635,1199,2026-05-13 08:02:44.742121+00
1636,1261,2026-05-13 08:02:44.742121+00
1636,1195,2026-05-13 08:02:44.742121+00
1636,1271,2026-05-13 08:02:44.742121+00
1637,1228,2026-05-13 08:02:44.742121+00
1637,1241,2026-05-13 08:02:44.742121+00
1637,1230,2026-05-13 08:02:44.742121+00
1638,1259,2026-05-13 08:02:44.742121+00
1639,1231,2026-05-13 08:02:44.742121+00
1639,1216,2026-05-13 08:02:44.742121+00
1639,1248,2026-05-13 08:02:44.742121+00
1639,1239,2026-05-13 08:02:44.742121+00
1640,1255,2026-05-13 08:02:44.742121+00
1640,1221,2026-05-13 08:02:44.742121+00
1640,1225,2026-05-13 08:02:44.742121+00
1640,1195,2026-05-13 08:02:44.742121+00
1640,1251,2026-05-13 08:02:44.742121+00
1640,1245,2026-05-13 08:02:44.742121+00
1640,1243,2026-05-13 08:02:44.742121+00
1641,1231,2026-05-13 08:02:44.742121+00
1641,1233,2026-05-13 08:02:44.742121+00
1641,1218,2026-05-13 08:02:44.742121+00
1642,1234,2026-05-13 08:02:44.742121+00
1642,1225,2026-05-13 08:02:44.742121+00
1643,1209,2026-05-13 08:02:44.742121+00
1643,1202,2026-05-13 08:02:44.742121+00
1645,1244,2026-05-13 08:02:44.742121+00
1645,1212,2026-05-13 08:02:44.742121+00
1645,1241,2026-05-13 08:02:44.742121+00
1645,1265,2026-05-13 08:02:44.742121+00
1646,1203,2026-05-13 08:02:44.742121+00
1646,1215,2026-05-13 08:02:44.742121+00
1647,1215,2026-05-13 08:02:44.742121+00
1647,1223,2026-05-13 08:02:44.742121+00
1647,1251,2026-05-13 08:02:44.742121+00
1648,1253,2026-05-13 08:02:44.742121+00
1648,1194,2026-05-13 08:02:44.742121+00
1649,1201,2026-05-13 08:02:44.742121+00
1649,1242,2026-05-13 08:02:44.742121+00
1649,1200,2026-05-13 08:02:44.742121+00
1650,1262,2026-05-13 08:02:44.742121+00
1650,1261,2026-05-13 08:02:44.742121+00
1650,1250,2026-05-13 08:02:44.742121+00
1651,1246,2026-05-13 08:02:44.742121+00
1651,1239,2026-05-13 08:02:44.742121+00
1651,1197,2026-05-13 08:02:44.742121+00
1651,1241,2026-05-13 08:02:44.742121+00
1652,1221,2026-05-13 08:02:44.742121+00
1652,1240,2026-05-13 08:02:44.742121+00
1652,1200,2026-05-13 08:02:44.742121+00
1653,1198,2026-05-13 08:02:44.742121+00
1653,1226,2026-05-13 08:02:44.742121+00
1654,1208,2026-05-13 08:02:44.742121+00
1654,1211,2026-05-13 08:02:44.742121+00
1654,1236,2026-05-13 08:02:44.742121+00
1655,1229,2026-05-13 08:02:44.742121+00
1655,1251,2026-05-13 08:02:44.742121+00
1655,1238,2026-05-13 08:02:44.742121+00
1656,1220,2026-05-13 08:02:44.742121+00
1657,1219,2026-05-13 08:02:44.742121+00
1657,1260,2026-05-13 08:02:44.742121+00
1657,1269,2026-05-13 08:02:44.742121+00
1658,1249,2026-05-13 08:02:44.742121+00
1658,1271,2026-05-13 08:02:44.742121+00
1658,1263,2026-05-13 08:02:44.742121+00
1658,1252,2026-05-13 08:02:44.742121+00
1659,1258,2026-05-13 08:02:44.742121+00
1659,1259,2026-05-13 08:02:44.742121+00
1659,1230,2026-05-13 08:02:44.742121+00
1659,1256,2026-05-13 08:02:44.742121+00
1661,1201,2026-05-13 08:02:44.742121+00
1661,1210,2026-05-13 08:02:44.742121+00
1661,1229,2026-05-13 08:02:44.742121+00
1661,1208,2026-05-13 08:02:44.742121+00
1661,1228,2026-05-13 08:02:44.742121+00
1662,1214,2026-05-13 08:02:44.742121+00
1662,1262,2026-05-13 08:02:44.742121+00
1662,1204,2026-05-13 08:02:44.742121+00
1662,1198,2026-05-13 08:02:44.742121+00
1662,1234,2026-05-13 08:02:44.742121+00
1662,1215,2026-05-13 08:02:44.742121+00
1663,1214,2026-05-13 08:02:44.742121+00
1664,1209,2026-05-13 08:02:44.742121+00
1664,1266,2026-05-13 08:02:44.742121+00
1664,1264,2026-05-13 08:02:44.742121+00
1665,1214,2026-05-13 08:02:44.742121+00
1666,1227,2026-05-13 08:02:44.742121+00
1666,1200,2026-05-13 08:02:44.742121+00
1666,1214,2026-05-13 08:02:44.742121+00
1666,1209,2026-05-13 08:02:44.742121+00
1666,1205,2026-05-13 08:02:44.742121+00
1667,1220,2026-05-13 08:02:44.742121+00
1668,1238,2026-05-13 08:02:44.742121+00
1668,1196,2026-05-13 08:02:44.742121+00
1668,1230,2026-05-13 08:02:44.742121+00
1668,1226,2026-05-13 08:02:44.742121+00
1668,1260,2026-05-13 08:02:44.742121+00
1668,1240,2026-05-13 08:02:44.742121+00
1668,1247,2026-05-13 08:02:44.742121+00
1669,1243,2026-05-13 08:02:44.742121+00
1670,1231,2026-05-13 08:02:44.742121+00
1670,1251,2026-05-13 08:02:44.742121+00
1671,1222,2026-05-13 08:02:44.742121+00
1671,1262,2026-05-13 08:02:44.742121+00
1671,1257,2026-05-13 08:02:44.742121+00
1671,1254,2026-05-13 08:02:44.742121+00
1671,1233,2026-05-13 08:02:44.742121+00
1671,1253,2026-05-13 08:02:44.742121+00
1672,1258,2026-05-13 08:02:44.742121+00
1672,1224,2026-05-13 08:02:44.742121+00
1672,1229,2026-05-13 08:02:44.742121+00
1673,1264,2026-05-13 08:02:44.742121+00
1673,1258,2026-05-13 08:02:44.742121+00
1673,1197,2026-05-13 08:02:44.742121+00
1673,1198,2026-05-13 08:02:44.742121+00
1674,1233,2026-05-13 08:02:44.742121+00
1675,1224,2026-05-13 08:02:44.742121+00
1675,1237,2026-05-13 08:02:44.742121+00
1675,1225,2026-05-13 08:02:44.742121+00
1676,1213,2026-05-13 08:02:44.742121+00
1676,1194,2026-05-13 08:02:44.742121+00
1677,1227,2026-05-13 08:02:44.742121+00
1677,1236,2026-05-13 08:02:44.742121+00
1677,1199,2026-05-13 08:02:44.742121+00
1679,1216,2026-05-13 08:02:44.742121+00
1679,1234,2026-05-13 08:02:44.742121+00
1679,1209,2026-05-13 08:02:44.742121+00
1679,1195,2026-05-13 08:02:44.742121+00
1680,1239,2026-05-13 08:02:44.742121+00
1680,1194,2026-05-13 08:02:44.742121+00
1680,1256,2026-05-13 08:02:44.742121+00
1680,1261,2026-05-13 08:02:44.742121+00
1681,1210,2026-05-13 08:02:44.742121+00
1683,1268,2026-05-13 08:02:44.742121+00
1683,1217,2026-05-13 08:02:44.742121+00
1683,1195,2026-05-13 08:02:44.742121+00
1683,1247,2026-05-13 08:02:44.742121+00
1685,1224,2026-05-13 08:02:44.742121+00
1685,1234,2026-05-13 08:02:44.742121+00
1685,1264,2026-05-13 08:02:44.742121+00
1685,1233,2026-05-13 08:02:44.742121+00
1686,1239,2026-05-13 08:02:44.742121+00
1687,1253,2026-05-13 08:02:44.742121+00
1687,1199,2026-05-13 08:02:44.742121+00
1688,1255,2026-05-13 08:02:44.742121+00
1689,1221,2026-05-13 08:02:44.742121+00
1689,1265,2026-05-13 08:02:44.742121+00
1689,1258,2026-05-13 08:02:44.742121+00
1689,1247,2026-05-13 08:02:44.742121+00
1689,1238,2026-05-13 08:02:44.742121+00
1689,1260,2026-05-13 08:02:44.742121+00
1689,1220,2026-05-13 08:02:44.742121+00
1690,1215,2026-05-13 08:02:44.742121+00
1690,1232,2026-05-13 08:02:44.742121+00
1690,1205,2026-05-13 08:02:44.742121+00
1690,1249,2026-05-13 08:02:44.742121+00
1690,1197,2026-05-13 08:02:44.742121+00
1690,1256,2026-05-13 08:02:44.742121+00
1690,1231,2026-05-13 08:02:44.742121+00
1693,1205,2026-05-13 08:02:44.742121+00
1693,1258,2026-05-13 08:02:44.742121+00
1693,1261,2026-05-13 08:02:44.742121+00
1694,1218,2026-05-13 08:02:44.742121+00
1694,1215,2026-05-13 08:02:44.742121+00
1695,1213,2026-05-13 08:02:44.742121+00
1697,1262,2026-05-13 08:02:44.742121+00
1697,1232,2026-05-13 08:02:44.742121+00
1698,1264,2026-05-13 08:02:44.742121+00
1701,1255,2026-05-13 08:02:44.742121+00
1701,1201,2026-05-13 08:02:44.742121+00
1701,1258,2026-05-13 08:02:44.742121+00
1702,1223,2026-05-13 08:02:44.742121+00
1702,1208,2026-05-13 08:02:44.742121+00
1704,1196,2026-05-13 08:02:44.742121+00
1704,1223,2026-05-13 08:02:44.742121+00
1704,1263,2026-05-13 08:02:44.742121+00
1704,1244,2026-05-13 08:02:44.742121+00
1704,1235,2026-05-13 08:02:44.742121+00
1704,1246,2026-05-13 08:02:44.742121+00
1704,1208,2026-05-13 08:02:44.742121+00
1704,1234,2026-05-13 08:02:44.742121+00
1706,1239,2026-05-13 08:02:44.742121+00
1707,1253,2026-05-13 08:02:44.742121+00
1707,1218,2026-05-13 08:02:44.742121+00
1707,1238,2026-05-13 08:02:44.742121+00
1709,1209,2026-05-13 08:02:44.742121+00
1709,1202,2026-05-13 08:02:44.742121+00
1709,1257,2026-05-13 08:02:44.742121+00
1709,1197,2026-05-13 08:02:44.742121+00
1710,1235,2026-05-13 08:02:44.742121+00
1710,1223,2026-05-13 08:02:44.742121+00
1710,1268,2026-05-13 08:02:44.742121+00
1712,1271,2026-05-13 08:02:44.742121+00
1715,1240,2026-05-13 08:02:44.742121+00
1715,1226,2026-05-13 08:02:44.742121+00
1715,1260,2026-05-13 08:02:44.742121+00
1715,1265,2026-05-13 08:02:44.742121+00
1716,1239,2026-05-13 08:02:44.742121+00
1717,1236,2026-05-13 08:02:44.742121+00
1717,1216,2026-05-13 08:02:44.742121+00
1717,1223,2026-05-13 08:02:44.742121+00
1720,1206,2026-05-13 08:02:44.742121+00
1720,1266,2026-05-13 08:02:44.742121+00
1722,1265,2026-05-13 08:02:44.742121+00
1722,1196,2026-05-13 08:02:44.742121+00
1722,1238,2026-05-13 08:02:44.742121+00
1722,1254,2026-05-13 08:02:44.742121+00
1722,1253,2026-05-13 08:02:44.742121+00
1723,1260,2026-05-13 08:02:44.742121+00
1723,1264,2026-05-13 08:02:44.742121+00
1723,1236,2026-05-13 08:02:44.742121+00
1725,1265,2026-05-13 08:02:44.742121+00
1725,1210,2026-05-13 08:02:44.742121+00
1727,1247,2026-05-13 08:02:44.742121+00
1727,1239,2026-05-13 08:02:44.742121+00
1727,1204,2026-05-13 08:02:44.742121+00
1727,1221,2026-05-13 08:02:44.742121+00
1728,1212,2026-05-13 08:02:44.742121+00
1728,1205,2026-05-13 08:02:44.742121+00
1729,1198,2026-05-13 08:02:44.742121+00
1729,1237,2026-05-13 08:02:44.742121+00
1729,1232,2026-05-13 08:02:44.742121+00
1729,1214,2026-05-13 08:02:44.742121+00
1730,1223,2026-05-13 08:02:44.742121+00
1730,1245,2026-05-13 08:02:44.742121+00
1730,1252,2026-05-13 08:02:44.742121+00
1730,1249,2026-05-13 08:02:44.742121+00
1731,1235,2026-05-13 08:02:44.742121+00
1731,1266,2026-05-13 08:02:44.742121+00
1731,1254,2026-05-13 08:02:44.742121+00
1732,1235,2026-05-13 08:02:44.742121+00
1732,1212,2026-05-13 08:02:44.742121+00
1733,1226,2026-05-13 08:02:44.742121+00
1733,1245,2026-05-13 08:02:44.742121+00
1733,1201,2026-05-13 08:02:44.742121+00
1734,1219,2026-05-13 08:02:44.742121+00
1736,1212,2026-05-13 08:02:44.742121+00
1736,1222,2026-05-13 08:02:44.742121+00
1736,1223,2026-05-13 08:02:44.742121+00
1736,1235,2026-05-13 08:02:44.742121+00
1736,1206,2026-05-13 08:02:44.742121+00
1736,1266,2026-05-13 08:02:44.742121+00
1736,1242,2026-05-13 08:02:44.742121+00
1737,1210,2026-05-13 08:02:44.742121+00
1737,1194,2026-05-13 08:02:44.742121+00
1737,1270,2026-05-13 08:02:44.742121+00
1737,1253,2026-05-13 08:02:44.742121+00
1737,1238,2026-05-13 08:02:44.742121+00
1738,1244,2026-05-13 08:02:44.742121+00
1738,1195,2026-05-13 08:02:44.742121+00
1739,1231,2026-05-13 08:02:44.742121+00
1739,1239,2026-05-13 08:02:44.742121+00
1739,1270,2026-05-13 08:02:44.742121+00
1740,1256,2026-05-13 08:02:44.742121+00
1740,1257,2026-05-13 08:02:44.742121+00
1740,1267,2026-05-13 08:02:44.742121+00
1740,1268,2026-05-13 08:02:44.742121+00
1741,1206,2026-05-13 08:02:44.742121+00
1741,1203,2026-05-13 08:02:44.742121+00
1741,1269,2026-05-13 08:02:44.742121+00
1743,1233,2026-05-13 08:02:44.742121+00
1743,1212,2026-05-13 08:02:44.742121+00
1743,1221,2026-05-13 08:02:44.742121+00
1743,1206,2026-05-13 08:02:44.742121+00
1745,1217,2026-05-13 08:02:44.742121+00
1746,1214,2026-05-13 08:02:44.742121+00
1747,1224,2026-05-13 08:02:44.742121+00
1747,1248,2026-05-13 08:02:44.742121+00
1749,1237,2026-05-13 08:02:44.742121+00
1749,1263,2026-05-13 08:02:44.742121+00
1749,1236,2026-05-13 08:02:44.742121+00
1749,1232,2026-05-13 08:02:44.742121+00
1749,1225,2026-05-13 08:02:44.742121+00
1749,1250,2026-05-13 08:02:44.742121+00
1750,1206,2026-05-13 08:02:44.742121+00
1751,1228,2026-05-13 08:02:44.742121+00
1751,1221,2026-05-13 08:02:44.742121+00
1751,1200,2026-05-13 08:02:44.742121+00
1751,1217,2026-05-13 08:02:44.742121+00
1752,1251,2026-05-13 08:02:44.742121+00
1754,1244,2026-05-13 08:02:44.742121+00
1754,1206,2026-05-13 08:02:44.742121+00
1754,1234,2026-05-13 08:02:44.742121+00
1754,1242,2026-05-13 08:02:44.742121+00
1754,1230,2026-05-13 08:02:44.742121+00
1754,1198,2026-05-13 08:02:44.742121+00
1755,1212,2026-05-13 08:02:44.742121+00
1755,1217,2026-05-13 08:02:44.742121+00
1755,1206,2026-05-13 08:02:44.742121+00
1756,1267,2026-05-13 08:02:44.742121+00
1756,1221,2026-05-13 08:02:44.742121+00
1757,1270,2026-05-13 08:02:44.742121+00
1758,1207,2026-05-13 08:02:44.742121+00
1758,1271,2026-05-13 08:02:44.742121+00
1758,1243,2026-05-13 08:02:44.742121+00
1759,1258,2026-05-13 08:02:44.742121+00
1759,1229,2026-05-13 08:02:44.742121+00
1759,1202,2026-05-13 08:02:44.742121+00
1759,1263,2026-05-13 08:02:44.742121+00
1759,1239,2026-05-13 08:02:44.742121+00
1759,1261,2026-05-13 08:02:44.742121+00
1759,1199,2026-05-13 08:02:44.742121+00
1762,1228,2026-05-13 08:02:44.742121+00
1762,1267,2026-05-13 08:02:44.742121+00
1763,1234,2026-05-13 08:02:44.742121+00
1763,1218,2026-05-13 08:02:44.742121+00
1763,1259,2026-05-13 08:02:44.742121+00
1763,1213,2026-05-13 08:02:44.742121+00
1764,1222,2026-05-13 08:02:44.742121+00
1765,1239,2026-05-13 08:02:44.742121+00
1765,1257,2026-05-13 08:02:44.742121+00
1766,1243,2026-05-13 08:02:44.742121+00
1766,1214,2026-05-13 08:02:44.742121+00
1766,1256,2026-05-13 08:02:44.742121+00
1766,1271,2026-05-13 08:02:44.742121+00
1766,1195,2026-05-13 08:02:44.742121+00
1766,1222,2026-05-13 08:02:44.742121+00
1767,1221,2026-05-13 08:02:44.742121+00
1767,1225,2026-05-13 08:02:44.742121+00
1767,1201,2026-05-13 08:02:44.742121+00
1767,1257,2026-05-13 08:02:44.742121+00
1767,1259,2026-05-13 08:02:44.742121+00
1767,1200,2026-05-13 08:02:44.742121+00
1767,1268,2026-05-13 08:02:44.742121+00
1768,1250,2026-05-13 08:02:44.742121+00
1768,1247,2026-05-13 08:02:44.742121+00
1768,1260,2026-05-13 08:02:44.742121+00
1768,1220,2026-05-13 08:02:44.742121+00
1769,1205,2026-05-13 08:02:44.742121+00
1769,1258,2026-05-13 08:02:44.742121+00
1769,1245,2026-05-13 08:02:44.742121+00
1770,1258,2026-05-13 08:02:44.742121+00
1770,1201,2026-05-13 08:02:44.742121+00
1770,1238,2026-05-13 08:02:44.742121+00
1772,1214,2026-05-13 08:02:44.742121+00
1772,1228,2026-05-13 08:02:44.742121+00
1772,1202,2026-05-13 08:02:44.742121+00
1772,1258,2026-05-13 08:02:44.742121+00
1774,1255,2026-05-13 08:02:44.742121+00
1774,1222,2026-05-13 08:02:44.742121+00
1775,1248,2026-05-13 08:02:44.742121+00
1775,1261,2026-05-13 08:02:44.742121+00
1775,1197,2026-05-13 08:02:44.742121+00
1775,1222,2026-05-13 08:02:44.742121+00
1776,1239,2026-05-13 08:02:44.742121+00
1776,1219,2026-05-13 08:02:44.742121+00
1776,1250,2026-05-13 08:02:44.742121+00
1776,1233,2026-05-13 08:02:44.742121+00
1778,1222,2026-05-13 08:02:44.742121+00
1778,1216,2026-05-13 08:02:44.742121+00
1778,1270,2026-05-13 08:02:44.742121+00
1778,1197,2026-05-13 08:02:44.742121+00
1779,1256,2026-05-13 08:02:44.742121+00
1779,1217,2026-05-13 08:02:44.742121+00
1779,1271,2026-05-13 08:02:44.742121+00
1779,1198,2026-05-13 08:02:44.742121+00
1779,1254,2026-05-13 08:02:44.742121+00
1779,1252,2026-05-13 08:02:44.742121+00
1779,1263,2026-05-13 08:02:44.742121+00
1779,1220,2026-05-13 08:02:44.742121+00
1779,1231,2026-05-13 08:02:44.742121+00
1781,1195,2026-05-13 08:02:44.742121+00
1781,1228,2026-05-13 08:02:44.742121+00
1781,1259,2026-05-13 08:02:44.742121+00
1781,1227,2026-05-13 08:02:44.742121+00
1783,1234,2026-05-13 08:02:44.742121+00
1783,1222,2026-05-13 08:02:44.742121+00
1783,1197,2026-05-13 08:02:44.742121+00
1783,1269,2026-05-13 08:02:44.742121+00
1783,1243,2026-05-13 08:02:44.742121+00
1783,1244,2026-05-13 08:02:44.742121+00
1784,1242,2026-05-13 08:02:44.742121+00
1786,1245,2026-05-13 08:02:44.742121+00
1786,1252,2026-05-13 08:02:44.742121+00
1786,1265,2026-05-13 08:02:44.742121+00
1786,1261,2026-05-13 08:02:44.742121+00
1787,1249,2026-05-13 08:02:44.742121+00
1787,1244,2026-05-13 08:02:44.742121+00
1787,1263,2026-05-13 08:02:44.742121+00
1787,1250,2026-05-13 08:02:44.742121+00
1788,1214,2026-05-13 08:02:44.742121+00
1789,1237,2026-05-13 08:02:44.742121+00
1789,1259,2026-05-13 08:02:44.742121+00
1790,1232,2026-05-13 08:02:44.742121+00
1790,1260,2026-05-13 08:02:44.742121+00
1790,1207,2026-05-13 08:02:44.742121+00
1790,1263,2026-05-13 08:02:44.742121+00
1790,1221,2026-05-13 08:02:44.742121+00
1791,1222,2026-05-13 08:02:44.742121+00
1791,1243,2026-05-13 08:02:44.742121+00
1791,1251,2026-05-13 08:02:44.742121+00
1791,1216,2026-05-13 08:02:44.742121+00
1792,1234,2026-05-13 08:02:44.742121+00
1792,1214,2026-05-13 08:02:44.742121+00
1792,1251,2026-05-13 08:02:44.742121+00
1792,1266,2026-05-13 08:02:44.742121+00
1793,1263,2026-05-13 08:02:44.742121+00
1793,1245,2026-05-13 08:02:44.742121+00
1793,1204,2026-05-13 08:02:44.742121+00
1793,1197,2026-05-13 08:02:44.742121+00
1793,1260,2026-05-13 08:02:44.742121+00
1793,1246,2026-05-13 08:02:44.742121+00
1794,1245,2026-05-13 08:02:44.742121+00
1794,1203,2026-05-13 08:02:44.742121+00
1794,1218,2026-05-13 08:02:44.742121+00
1795,1268,2026-05-13 08:02:44.742121+00
1795,1238,2026-05-13 08:02:44.742121+00
1795,1203,2026-05-13 08:02:44.742121+00
1795,1220,2026-05-13 08:02:44.742121+00
1795,1270,2026-05-13 08:02:44.742121+00
1796,1231,2026-05-13 08:02:44.742121+00
1796,1198,2026-05-13 08:02:44.742121+00
1796,1227,2026-05-13 08:02:44.742121+00
1797,1202,2026-05-13 08:02:44.742121+00
1797,1208,2026-05-13 08:02:44.742121+00
1797,1262,2026-05-13 08:02:44.742121+00
1797,1252,2026-05-13 08:02:44.742121+00
1798,1258,2026-05-13 08:02:44.742121+00
1800,1230,2026-05-13 08:02:44.742121+00
1800,1204,2026-05-13 08:02:44.742121+00
1802,1204,2026-05-13 08:02:44.742121+00
1802,1212,2026-05-13 08:02:44.742121+00
