post_id,attachment_id,position
516,38399658-0c65-47a7-a0fc-2a15b64e3bf7,0
518,892ce69e-dc8c-457a-b99f-bd859c5b1372,0
526,5903c709-235d-4c64-a122-5c6ab831bbe4,0
527,d0053fe5-11ff-445d-9d4e-294e908cfd81,0
532,823d41a5-9374-4d8b-962d-2ab078532c79,0
544,7aaa69e9-ac8a-47d4-bd9d-ffbc7ab70436,0
557,e648dd38-87b3-4f71-a6bd-3365d89f009e,0
561,a32d37a2-6f7a-4ae6-9789-64b3fd2a9776,0
572,bcee9919-fc8c-4bfd-b866-34b84ec05d03,0
577,72ec30c3-d953-47db-ac53-7ec168726af1,0
583,b4f60172-b736-486c-9dc1-d870c9178e08,0
586,4b78d60d-60e3-4453-b98b-569d27045faf,0
592,3076f1d0-50a9-47c6-945a-2d300f5a6668,0
600,2da4e5c1-cf52-44a8-8915-ed841f31f8a6,0
602,8759c547-1aaa-46af-ad2d-ee70a0f8e3c4,0
617,73602877-b71c-4cff-9af5-0e0681664072,0
637,419a8023-f19e-4ccb-8abd-e55d52836662,0
648,e3883d42-6f55-4931-9439-65e123629f72,0
655,f9aa13bc-7002-416e-888d-6a453fcbb005,0
683,84fe6469-653e-459d-8235-03d64b8ae6d3,0
690,23545c9f-8b97-4f7e-99f0-18f926b4e44a,0
703,0bed4673-775c-497a-8070-d487bf8837ba,0
722,08f7be01-09fa-4122-9316-87eff5a761d6,0
730,dd4525ca-ead3-4196-be44-0c74d5c8b815,0
736,d4089eb5-a063-43bf-8d65-d2c7cfa5ce7b,0
739,11574ede-4b7a-40d2-9296-46f5f8cd4169,0
741,015cfd17-c111-40c2-9842-12dd71bd75e4,0
744,c35020cb-18c1-407e-9c54-50f53f132bd2,0
746,b4cd15e0-b7be-4518-8c5e-cf0a6dc17669,0
755,d31b1cb3-68a2-42d6-ac6d-333da7e16068,0
758,ad5fe778-3b5f-4246-9783-350b4b279e19,0
760,66753816-2418-4431-a279-0e4d9f723b0f,0
762,abe607cd-7b2b-411b-ac9f-d36dfb10ecb3,0
768,2c270ece-e645-47d2-acaf-32f0e2af45c0,0
770,f1aba89c-37d4-4e65-ac86-8ef6f8e56190,0
772,8f8c1aa7-cd5f-43c4-af73-f01a9659d0cd,0
776,03b07893-e564-436e-aa31-9324b3080bc0,0
779,7b8658c1-431f-4fa8-91a6-87b9c5b4d060,0
781,3463b7da-adaa-409c-a567-34b01e8edd60,0
782,18638619-e1fd-4a5e-a71e-8f9881020d03,0
784,19bc5d84-ad32-4e05-8894-f996af15252b,0
787,73ddff02-97ff-4067-8e59-4504a9a11bc0,0
789,684f4bfc-da58-4825-ac7c-970eba701223,0
792,cb1e12ea-8b2f-4d99-9f51-873d06f9c3aa,0
793,e2ebc233-3bf7-41d1-986e-94d7c802f74e,0
794,c28ca4c1-6b99-4b44-a232-6e3aeab1f6b7,0
796,d3083363-a675-4746-ac4d-a6671b7ec316,0
798,bd802c82-0dbc-4ffd-9387-37b314fa7a72,0
799,cb6a506a-8b79-493c-ad72-a91ebaabb284,0
802,29dd9d6c-7ee2-4aa3-8046-421d1a26a8d0,0
651,6e034127-7b87-4269-89f6-50a9e0916452,0
699,62dbeacd-5c57-4edb-b644-6913a3f56aa6,0
567,82505a2c-5eb1-4c68-a1f2-bf0755953744,0
536,4aa72b48-c3fc-43f8-ba60-d12a1ee542bd,0
791,ef3bb57b-0ec6-4a37-b31f-99493b22184e,0
788,857b433b-7360-44fc-9f0c-4a27b91aa402,0
643,65bcf29c-b2b1-45ae-b15c-abdb988079c5,0
695,731d440b-df13-4af1-969d-a5f52000714f,0
707,803359c4-5661-447f-88b0-a60369da7768,0
597,e42b86c6-d2d2-471f-ae5a-f6b7b0a1122d,0
595,8a07a8f8-bfd0-49c9-95a2-11a239f0aa04,0
613,a3cee329-756d-4e45-b97c-95b341fec131,0
679,01e7b3ac-381b-448d-9007-136c392f6d7b,0
698,8ad0f01d-cd51-4b13-b0ef-acd864245bbc,0
738,2eafa847-2d98-47ca-b2f7-397f1e69eb46,0
565,8d68dd4a-7299-4f3d-b05c-f03265126314,0
559,09184a48-6ac9-4e64-8e0e-0b37a5d3563d,0
578,959a9435-8172-4a0c-9e89-d5e7506d42bd,0
630,9a8b00ad-0ce3-4f23-b6c0-b8e81323d644,0
775,b48a824b-2cd3-4650-a251-687e3b1dc662,0
605,07bd5228-6063-416b-8b58-f329f88a6108,0
