id,author_id,body,created_at,updated_at,deleted_at,version,lang
515,1195,"Spent yesterday drafting a PostgreSQL 12→16 migration plan for a startup. The thing most people miss: replica lag is a bigger problem than the downtime itself. You have to pause app-side writes for an hour before cutover and let the lag drain to zero, otherwise you're chasing rows.",2026-05-02 14:59:14.078514+00,2026-05-02 14:59:14.078514+00,,0,tr
516,1195,"Been load-testing Spring Boot 3.x virtual threads against a real workload for a month. Result: I/O-heavy endpoints saw p99 drop ~40%; CPU-bound code is unchanged. Caveat: any library still using ThreadLocal will surprise you, watch out.",2026-04-10 00:06:24.570067+00,2026-04-10 00:06:24.570067+00,,0,tr
517,1195,"Anyone prepping for a system design interview: before you say ""scale to one million users"" at the whiteboard, sketch a realistic traffic distribution. There is no uniform load. 80% of users hit 20% of your endpoints. Design to that, not the average.",2026-05-05 05:01:28.449522+00,2026-05-05 05:01:28.449522+00,,0,tr
518,1195,"Took the Vespa for a Bosphorus loop this morning, just to clear my head. Got home and shipped three bug fixes in an hour. Devs: stop underestimating how much getting away from the screen improves the work.",2026-04-29 07:39:01.538957+00,2026-04-29 07:39:01.538957+00,,0,tr
519,1195,"Favourite way I explain eventual consistency: an e-commerce cart shows quantity 1 in the UI but stock is already 0. Strong consistency means the user waits 200ms on every interaction. Eventual means the checkout fails at the end and they learn. Which is worse? Always ""it depends"" — and that's the whole answer.",2026-04-15 01:37:37.58202+00,2026-04-15 01:37:37.58202+00,,0,tr
520,1195,"""Senior"" isn't measured in years or title, it's measured by whether you're the calmest person in the room when the 2am incident channel lights up. I learned that from Pelin abla at Trendyol. Still hasn't left me.",2026-04-26 07:09:43.01207+00,2026-04-26 07:09:43.01207+00,,0,tr
521,1195,"On the OpenSearch vs Elasticsearch debate post-2024: licensing has shifted enough that for greenfield work I now default to OpenSearch. If you're self-hosting outside AWS, the latest Elastic license change is a real risk to weigh.",2026-05-02 03:32:37.199138+00,2026-05-02 03:32:37.199138+00,,0,tr
522,1195,"Hiring ""complex problem solving"": stop using CodeSignal, run a real on-call scenario instead. ""This alarm just fired and you own the service — walk me through what you'd do."" Teaches you more about a candidate than any CV bullet ever will.",2026-05-03 23:08:02.835665+00,2026-05-03 23:08:02.835665+00,,0,tr
523,1196,"Stop calling everything a ""growth hack."" If you can't explain it as a hypothesis about your customer, it's not growth — it's just a thing you tried. Write the hypothesis first, ship second.",2026-04-30 13:38:53.633738+00,2026-04-30 13:38:53.633738+00,,0,tr
524,1196,"Re-read ""Obviously Awesome"" by April Dunford this week for the fourth time. Still the most underrated positioning book on the market. Especially good if you're stuck on differentiation and reaching for feature lists instead.",2026-04-28 13:46:45.367658+00,2026-04-28 13:46:45.367658+00,,0,tr
525,1197,"Production isn't about Gantt charts. It's about being the person who tells the designer their feature has to ship in three weeks instead of six, and still keeping their respect afterward. The chart is just paperwork.",2026-04-15 07:46:09.691115+00,2026-04-15 07:46:09.691115+00,,0,tr
526,1197,"Live ops calendar planning for Q3 starts tomorrow. The mistake juniors make: stacking events back-to-back to look productive. Better: 3 strong events, 4 quiet weeks, measured KPIs at each end.",2026-04-13 21:37:06.701946+00,2026-04-13 21:37:06.701946+00,,0,tr
527,1197,Moved to Erzurum to slow down. Two years in: I think 40% slower in the right way. Decisions I make now are better. Recommend everyone in this industry try a winter somewhere cold and quiet.,2026-04-30 14:22:07.283837+00,2026-04-30 14:22:07.283837+00,,0,tr
528,1197,"Hot take: ""soft skills"" is a terrible label for what's actually a critical leadership skill set. Negotiation, conflict resolution, narrative — these are harder to learn than any engine API. Rename them already.",2026-05-06 23:37:12.376303+00,2026-05-06 23:37:12.376303+00,,0,tr
529,1198,"Most rejected PhD applications fail at the research statement, not the grades. The opening paragraph has to answer: what question are you committed to, why is it hard, and why are you the right person to take a swing at it. That's it.",2026-04-29 19:03:53.798715+00,2026-04-29 19:03:53.798715+00,,0,tr
530,1198,"Spent the afternoon with a paper on interpretability via influence functions. The math is denser than it needs to be but the core idea is elegant. If you're scared of papers, start with the introduction and conclusion only. Build up from there.",2026-04-15 00:38:57.244192+00,2026-04-15 00:38:57.244192+00,,0,tr
531,1198,"Public speaking advice that no one wants to hear: practice out loud, not in your head. Your brain skips the hard parts when you rehearse silently. Speaking it surfaces the gaps in 30 seconds.",2026-05-01 05:05:39.173862+00,2026-05-01 05:05:39.173862+00,,0,tr
532,1198,Caught the dawn from the campus library window this morning. I forget sometimes why I chose this field — and then a quiet hour with a hard problem reminds me. Days like this are why.,2026-05-02 15:22:27.779296+00,2026-05-02 15:22:27.779296+00,,0,tr
533,1198,"Started keeping a ""questions notebook"" again after a five-year break. Just questions, no answers. It's the single best research habit I've ever had and I keep forgetting that.",2026-04-11 17:15:04.149036+00,2026-04-11 17:15:04.149036+00,,0,tr
534,1198,"To anyone applying this cycle: rejection from one program isn't signal about your fit anywhere. Admissions committees are smaller, more political, and more luck-driven than you think. Apply broadly, fall in love with no single program.",2026-05-01 09:45:58.173253+00,2026-05-01 09:45:58.173253+00,,0,tr
535,1199,"""I'm going to start a company"" is not a decision, it's a daydream. The decision is ""I will spend the next three years on this specific problem with this specific co-founder."" If you can't write that sentence, you're not ready yet. That's fine.",2026-05-03 08:33:55.114869+00,2026-05-03 08:33:55.114869+00,,0,tr
536,1200,A runbook that nobody on the team has actually read is worse than no runbook. It gives false comfort. Read them as a team monthly. Walk through one as a tabletop. Update what's wrong.,2026-04-06 15:28:23.94251+00,2026-04-06 15:28:23.94251+00,,0,tr
537,1200,"Terraform 1.10's improved retry semantics for state locking is small and quiet but actually a meaningful quality-of-life win. We've stopped seeing the random ""couldn't acquire lock"" failures from racing CI jobs.",2026-04-23 23:04:32.757008+00,2026-04-23 23:04:32.757008+00,,0,tr
538,1200,"Stop celebrating ""we deploy 50 times a day"" as the goal. The goal is ""we can deploy when we need to, including at 3am, with confidence."" Speed is a side effect of trust, not the other way around.",2026-04-14 22:49:36.426797+00,2026-04-14 22:49:36.426797+00,,0,tr
539,1200,Saturday no-pings rule renewed for 2026. My team knows. They escalate to my deputy. The world has not ended in two years.,2026-04-28 02:00:38.008893+00,2026-04-28 02:00:38.008893+00,,0,tr
540,1200,"eBPF tooling has matured to the point where it's becoming part of the ""default"" SRE toolkit, not a niche curiosity. If you're doing platform work and haven't poked at it yet, this year is the year.",2026-04-25 07:25:38.459249+00,2026-04-25 07:25:38.459249+00,,0,tr
541,1201,"""Is this secure?"" is not a question. ""Is this secure against an attacker who has compromised a developer's laptop and wants to read our customer database in the next 90 days?"" is a question. Be specific or be ignored.",2026-05-04 18:09:34.128243+00,2026-05-04 18:09:34.128243+00,,0,tr
542,1201,Reading the latest CISA OT advisory. The pattern is becoming clearer: attackers are spending more time in reconnaissance and less in actual exploitation. We need to shift detection earlier in the chain.,2026-04-11 21:35:15.198406+00,2026-04-11 21:35:15.198406+00,,0,tr
543,1201,"Zero trust is misnamed. It's not zero trust — it's continuous verification. Marketers ruined a useful concept by branding it like a finality. Don't tell your CEO you've ""achieved zero trust."" You haven't, and they'll find out.",2026-04-27 03:10:59.910922+00,2026-04-27 03:10:59.910922+00,,0,tr
544,1201,Took my mother to the Aphrodisias ruins yesterday. Walked the marble street and thought about how every great civilization had a security model that eventually failed because the threat changed faster than the architecture. The job hasn't changed in 2000 years.,2026-04-27 19:49:50.843749+00,2026-04-27 19:49:50.843749+00,,0,tr
545,1202,"The hardest part of moving from senior IC to manager isn't the work, it's losing the dopamine hit from solving things yourself. You delegate the thing you're best at and then watch someone else do it slower. If that idea makes you flinch, manage your expectations.",2026-04-02 20:29:55.053228+00,2026-04-02 20:29:55.053228+00,,0,tr
546,1202,Walked Çamlıca hill at sunrise. Mid-week. The week's calendar didn't have a single 1:1 cancelled. I'm calling that a small win.,2026-04-18 16:57:32.278936+00,2026-04-18 16:57:32.278936+00,,0,tr
547,1203,"Pre-seed fundraising honest take: investors are pattern-matching. Your job is to be unmistakably one good pattern, not a vague combination of three. Pick which story you're telling before the first meeting, not in it.",2026-04-16 23:29:55.880674+00,2026-04-16 23:29:55.880674+00,,0,tr
548,1203,"Re-reading ""Founders at Work"" between meetings this week. The 2007 stories are dated but the emotional content is identical to what I lived through last year. Comforting and slightly terrifying.",2026-04-09 22:47:09.977815+00,2026-04-09 22:47:09.977815+00,,0,tr
549,1203,"Developer tools GTM is brutal because the buyer doesn't want to be sold to. Bottom-up adoption first, top-down expansion second. Anyone selling you ""AE-led top-down devtools"" is selling you a fantasy.",2026-04-22 23:31:00.005181+00,2026-04-22 23:31:00.005181+00,,0,tr
550,1203,"Founder lonely-day report: yesterday I cried in the bathroom for ten minutes after a board call, then went out and shipped a customer demo two hours later. Both can be true. Most days are.",2026-04-07 06:15:24.422529+00,2026-04-07 06:15:24.422529+00,,0,tr
551,1204,"""Functional vs OOP"" is the wrong axis. The actual question is: where should the behaviour live, and how much does that location cost you when requirements change in 6 months. Pick locations carefully.",2026-05-03 21:33:17.356075+00,2026-05-03 21:33:17.356075+00,,0,tr
552,1204,Spring Boot 3.4's auto-configuration tracing is genuinely useful for debugging weird startup behaviour. We hit a property binding bug last week that would have taken half a day; tracing pinpointed it in 5 minutes.,2026-05-06 22:24:36.535587+00,2026-05-06 22:24:36.535587+00,,0,tr
553,1204,My parents live in the next street over. Today I walked to lunch with them between meetings. People assume Pendik is sleepy. It's not — it's just not Instagram. That's a feature.,2026-04-29 03:49:49.276597+00,2026-04-29 03:49:49.276597+00,,0,tr
554,1205,"""Explainable AI"" is a misnomer in regulated finance. What auditors want is ""defensible AI"" — model + documentation + monitoring + override process. Explainability is a means to defensibility, not the goal.",2026-05-02 22:01:12.974025+00,2026-05-02 22:01:12.974025+00,,0,tr
555,1205,"EU AI Act timelines this week: still moving. Banks need to be ready by mid-2027 for the high-risk classifications. If your model risk function is just starting to map your inventory, you're already behind. Start with the GenAI use cases.",2026-05-04 15:36:44.636871+00,2026-05-04 15:36:44.636871+00,,0,tr
556,1205,"Hardest part of responsible AI in practice: getting model owners to write documentation before deployment, not after. Once it's deployed, no one wants to do the paperwork. Build it into the launch checklist or it doesn't happen.",2026-04-17 03:58:25.276694+00,2026-04-17 03:58:25.276694+00,,0,tr
557,1205,"Walked Galata Bridge at dusk. Fishermen, traffic, gulls, history. Cleared my head before a heavy committee tomorrow. Beyoğlu is loud but you can find quiet in it if you know where to look.",2026-05-02 20:43:46.704704+00,2026-05-02 20:43:46.704704+00,,0,tr
558,1206,"Junior portfolio: pretty case studies. Mid portfolio: outcomes claimed but not measured. Senior portfolio: outcomes measured and contextual (""we increased X by 12% but Y stayed flat because Z""). Move toward the third as fast as you can.",2026-04-29 20:24:26.555653+00,2026-04-29 20:24:26.555653+00,,0,tr
559,1206,Figma's variables update is still underused. Especially for design systems that need to flex between brand contexts. I use it now in every consulting engagement; halves token maintenance overhead.,2026-04-23 18:03:42.281392+00,2026-04-23 18:03:42.281392+00,,0,tr
560,1206,Design systems are not a product strategy. They are a tool. A team that treats them as a strategy is a team that has stopped asking what the customer is actually trying to do.,2026-04-28 21:55:08.156888+00,2026-04-28 21:55:08.156888+00,,0,tr
561,1206,Made manti from scratch tonight. Forty minutes of folding. My partner laughed at how slow I was. The pasta was worth it. The slowness was the point.,2026-04-10 03:25:41.047662+00,2026-04-10 03:25:41.047662+00,,0,tr
562,1206,"The ""design critique"" most teams run is just public review. A real critique is a structured conversation that pulls the why out of the maker. If everyone leaves agreeing with the highest-status voice, you didn't critique anything.",2026-05-07 08:38:14.738309+00,2026-05-07 08:38:14.738309+00,,0,tr
563,1206,"Re-reading ""Design of Everyday Things"" by Norman this winter. It hits differently after a decade of design work. The fundamentals haven't changed; we've just gotten better at distracting ourselves from them.",2026-04-18 08:17:01.708569+00,2026-04-18 08:17:01.708569+00,,0,tr
564,1206,"Ordu in May: sea visible from the kitchen window, mountain visible from the back. I don't miss Istanbul most days. I miss it on Tuesdays for some reason. Brains are strange.",2026-05-05 00:50:41.813579+00,2026-05-05 00:50:41.813579+00,,0,tr
565,1207,"First call with my new mentor today. She told me to stop apologizing for ""not having a CS degree"" in the first ten seconds. Apparently I'd said it twice. Note taken.",2026-05-04 06:49:33.748364+00,2026-05-04 06:49:33.748364+00,,0,tr
566,1207,Got my first multi-stage Docker build working tonight. Image size went from 1.2GB to 180MB. The relief is real. Why does no tutorial actually explain the layer caching properly?,2026-05-01 19:38:20.892754+00,2026-05-01 19:38:20.892754+00,,0,tr
567,1208,"My mentor reframed the ""but I'm not technical"" worry today: ""you have a literature that most engineers haven't read. They need you to translate it."" Slowly internalizing this.",2026-04-20 20:08:59.07981+00,2026-04-20 20:08:59.07981+00,,0,tr
568,1209,Wrote my first FastAPI service today wrapping a sklearn model. The model is bad. The service works. Counting it as a win — last week I'd never deployed anything.,2026-05-04 03:32:20.639813+00,2026-05-04 03:32:20.639813+00,,0,tr
569,1209,My mentor asked me what failure modes I'd designed for. I said 'none yet.' She said that's the only answer that matters this month. We're starting there.,2026-04-14 01:42:15.619079+00,2026-04-14 01:42:15.619079+00,,0,tr
570,1210,Got SwiftUI list animations working tonight. Took three hours longer than the tutorial promised. The tutorial was lying. Going to write down what actually trips beginners and post it for the next person.,2026-04-29 09:28:41.728295+00,2026-04-29 09:28:41.728295+00,,0,tr
571,1210,"Day 60 of iOS journey: I now know the difference between @State and @StateObject without looking it up. Tiny moment, huge relief.",2026-05-07 18:32:59.870751+00,2026-05-07 18:32:59.870751+00,,0,tr
572,1210,"Erzurum is still cold in May. Wrote code with the heater on, dog on my lap, snow visible from the kitchen window. Best work conditions I've ever had.",2026-05-05 19:21:22.371677+00,2026-05-05 19:21:22.371677+00,,0,tr
573,1210,"Asked my mentor: ""should I learn UIKit or just SwiftUI?"" He said: both, in that order, because most jobs still have UIKit codebases. Was hoping for a shortcut. There isn't one.",2026-04-22 01:55:39.146076+00,2026-04-22 01:55:39.146076+00,,0,tr
574,1211,"Sent my mentor the third draft of my research statement. She marked five paragraphs as ""good,"" two as ""you're describing not arguing,"" and one as ""this should be the opening."" Iteration four tomorrow.",2026-05-08 05:36:45.53914+00,2026-05-08 05:36:45.53914+00,,0,tr
575,1211,"My mom asked me again today what a PhD is, exactly. Tried to explain. She nodded. She still believes in me which is the only thing that actually matters.",2026-04-28 21:55:07.193925+00,2026-04-28 21:55:07.193925+00,,0,tr
576,1211,Finished a paper on contrastive learning for low-resource Turkish NLP. The methodology section took longer than the implementation. Now I know why senior researchers smile knowingly when I complain about writing.,2026-04-26 16:29:25.973016+00,2026-04-26 16:29:25.973016+00,,0,tr
577,1212,"Re-made the same time-series chart three different ways tonight. The third one — small multiples by category — was the clear winner. The ""obvious"" candlestick chart was the worst. The visualization is the analysis.",2026-04-11 13:09:22.124013+00,2026-04-11 13:09:22.124013+00,,0,tr
578,1212,"My mentor pushed me to write a one-paragraph narrative for every chart I make. ""If you can't write it, the chart doesn't say anything."" Hardest exercise of the week.",2026-04-24 12:53:46.275838+00,2026-04-24 12:53:46.275838+00,,0,tr
579,1212,Şişli lunch hour with my friend who works in audit. He spends his days in Excel; I spend mine in pandas. We agreed neither of us actually likes the food in this neighborhood.,2026-05-08 17:11:35.968134+00,2026-05-08 17:11:35.968134+00,,0,tr
580,1213,Spent the night red-teaming my own student-services chatbot. Found seven prompts that get it to produce confidently wrong financial-aid advice. Building the guardrails is going to take longer than building the bot.,2026-04-19 05:31:21.330336+00,2026-04-19 05:31:21.330336+00,,0,tr
581,1213,"First session with my mentor was about ""what would you tell the person who deployed your project to production without your guardrails."" Heavy question. Right one to start with.",2026-03-08 15:23:44.125276+00,2026-03-08 15:23:44.125276+00,,0,tr
582,1213,Kartal coast walk after a long study day. The city looks distant from the marina. Sometimes you need that distance to think clearly.,2026-04-21 16:43:58.99853+00,2026-04-21 16:43:58.99853+00,,0,tr
583,1214,Wrote a 20-minute Bitsy game about my grandmother's house in Tekirdağ. Two playtesters cried. I'm not sure if that means the game is good or my grandmother's house is good but I'll take it.,2026-04-10 16:02:24.290276+00,2026-04-10 16:02:24.290276+00,,0,tr
584,1214,"My mentor in games: ""stop apologizing for narrative games being small. Smallness is your distribution advantage."" Going to print that.",2026-04-24 15:41:01.417605+00,2026-04-24 15:41:01.417605+00,,0,tr
585,1215,Did a full GRE practice test today. 162Q / 152V. The verbal needs work. Reading academic English for an hour each night starting tomorrow.,2026-05-07 02:49:13.314347+00,2026-05-07 02:49:13.314347+00,,0,tr
586,1215,"Walked the Dardanelles after a study block tonight. Hard to feel ""behind"" when you're standing where the wind has been blowing the same direction for 3000 years.",2026-04-29 00:07:11.11928+00,2026-04-29 00:07:11.11928+00,,0,tr
587,1215,"My mentor told me: 'your research statement should be the strongest thing the committee reads, your GRE the least interesting.' Reordering my priorities accordingly.",2026-04-14 02:41:13.811352+00,2026-04-14 02:41:13.811352+00,,0,tr
588,1215,"Realized today my reading bottleneck is vocabulary in technical English, not comprehension. Built a flashcard deck. 20 cards a day starting now.",2026-04-22 18:02:23.720019+00,2026-04-22 18:02:23.720019+00,,0,tr
589,1216,"My mentor told me to stop saying ""I'm switching from teaching to tech"" and start saying ""I'm a communicator who reads data now."" Same facts, different positioning. Wild how much the framing matters.",2026-04-02 16:44:17.349674+00,2026-04-02 16:44:17.349674+00,,0,tr
590,1216,"Wrote my first SQL query that wasn't from a tutorial today. Pulled real data from a free dataset, asked my own question, got a real answer. Tiny moment, big shift.",2026-03-24 18:52:52.155619+00,2026-03-24 18:52:52.155619+00,,0,tr
591,1216,"Bakırköy in May is gentle. Coffee on the balcony, books on the table, no commute to the language school for the first time in three years. Saving is hard but freedom is worth it.",2026-04-23 20:33:49.892402+00,2026-04-23 20:33:49.892402+00,,0,tr
592,1216,"Built a small Tableau dashboard for a friend's small business — actual food cost analysis, actual decisions came out of it. Adding to portfolio. The ""fake project"" rule of thumb is real.",2026-05-02 12:34:39.109779+00,2026-05-02 12:34:39.109779+00,,0,tr
593,1217,First bug bounty find that actually paid: a stored XSS in a Turkish e-commerce site. $200 and a thank-you. Spent the money on a year of Hack The Box. The compound interest is real.,2026-04-22 09:32:31.909925+00,2026-04-22 09:32:31.909925+00,,0,tr
594,1217,"My mentor's first question: ""what is your favourite vulnerability and why."" Not the resume question. The real one. We spent 40 minutes on it. I left more focused than I've been in a year.",2026-04-27 20:52:25.684947+00,2026-04-27 20:52:25.684947+00,,0,tr
595,1217,"Wrote a small Python tool to fuzz a vulnerable web app at home. Found a path traversal in 30 seconds. The thrill is in the build, not the find. I get why people stay in this field for life.",2026-05-01 20:37:53.961862+00,2026-05-01 20:37:53.961862+00,,0,tr
596,1217,Esenyurt to Yıldız: 90 minutes one way. Wrote half a CTF writeup on the metrobus today. Productivity is wherever you decide it is.,2026-05-03 21:15:43.764013+00,2026-05-03 21:15:43.764013+00,,0,tr
597,1217,"Read every disclosed CVE this week with a CVSS over 7.0. Most are configuration bugs, not exploit-of-the-century discoveries. The skill we need is reading systems, not writing exploits.",2026-04-24 16:58:05.043225+00,2026-04-24 16:58:05.043225+00,,0,tr
598,1217,"My mentor: ""passing OSCP isn't the goal. The journey of preparing for it is."" Was annoyed at first. He's right and I know it.",2026-04-17 11:46:34.194815+00,2026-04-17 11:46:34.194815+00,,0,tr
599,1217,"Tried to explain to my mom what a pentester does. She nodded and said ""so you break things for a living."" Yeah, basically. She's not wrong.",2026-03-14 11:29:30.700883+00,2026-03-14 11:29:30.700883+00,,0,tr
600,1218,Modeled a low-poly Manisa street tonight. Took longer than expected to get the perspective right. Posting the work-in-progress before I lose the energy.,2026-05-03 21:41:10.903837+00,2026-05-03 21:41:10.903837+00,,0,tr
601,1218,"My mentor in games told me to stop ""learning everything"" and pick one art style to master. Painful advice — I like everything — but right.",2026-05-04 05:34:14.286176+00,2026-05-04 05:34:14.286176+00,,0,tr
602,1219,Released my first Flutter app to internal testing today. It's a study-planner that probably ten people will use. I'm proud of it like it's a Series A startup.,2026-04-25 08:51:59.632227+00,2026-04-25 08:51:59.632227+00,,0,tr
603,1219,"My mentor asked me to define my ""ideal user"" in one sentence. Spent three days on it. Came back with three pages. We're rewriting it to one paragraph this week.",2026-05-05 01:04:12.085463+00,2026-05-05 01:04:12.085463+00,,0,tr
604,1219,"Switched the app's color palette today. Two hours of iteration. The new one is calmer. I now understand why senior designers say ""calm is a feature.""",2026-04-28 12:39:57.425546+00,2026-04-28 12:39:57.425546+00,,0,tr
605,1219,Kartal marina at sunset. Closed my laptop. Watched a kid try to skip stones for 20 minutes. Came back and shipped a release. Brains need quiet.,2026-04-26 03:46:24.737109+00,2026-04-26 03:46:24.737109+00,,0,tr
606,1219,Refactored my state management today. Cut three files. Now it reads top-to-bottom in 80 lines. Less code is the right kind of progress.,2026-05-05 21:27:11.062175+00,2026-05-05 21:27:11.062175+00,,0,tr
607,1219,Today's session was a code review of my app. My mentor circled the same anti-pattern in five places without naming it once. Spent an hour figuring out the pattern myself. Best teaching method.,2026-05-05 15:37:23.579717+00,2026-05-05 15:37:23.579717+00,,0,tr
608,1219,"Found out today my younger cousin wants to study CS too. She asked if she's ""good enough at math."" Told her she's asking the wrong question. I think I sounded like my own mentor.",2026-05-08 12:26:48.353833+00,2026-05-08 12:26:48.353833+00,,0,tr
609,1220,My mentor asked me to print my resume and read it out loud to him. I heard every weak phrase in real-time. Rewriting tonight.,2026-04-06 19:43:34.67212+00,2026-04-06 19:43:34.67212+00,,0,tr
610,1221,My Selenium tests were flaky for three weeks. Today I learned about explicit waits and the entire suite settled down. Reading docs from the start would have saved me three weeks. Lesson noted.,2026-04-04 21:31:23.342023+00,2026-04-04 21:31:23.342023+00,,0,tr
611,1222,"Drove to two logistics warehouses in Sakarya this weekend with a notebook. Six conversations, four of them honest, two trying to sell me something. Learned more than any textbook chapter.",2026-05-02 00:52:10.213535+00,2026-05-02 00:52:10.213535+00,,0,tr
612,1222,My mentor asked me to write the obituary for my startup if it fails. Brutal exercise. Made my actual pitch better.,2026-04-30 03:58:19.062644+00,2026-04-30 03:58:19.062644+00,,0,tr
613,1222,"Spring is finally here in Sakarya. Did my ""founder thinking time"" walk in the park with no notebook. The best idea of the week came back on the second loop.",2026-04-29 06:29:06.760229+00,2026-04-29 06:29:06.760229+00,,0,tr
614,1223,"Audited my first OpenZeppelin contract this weekend. Found nothing. The exercise was the lesson — reading slow, asking why every line exists. Audits are reading comprehension, not gotcha-hunting.",2026-04-26 02:47:55.373256+00,2026-04-26 02:47:55.373256+00,,0,tr
615,1223,"My mentor: ""remote-first is a discipline, not a permission slip."" We spent the call talking about written communication habits. I thought we'd talk about contracts.",2026-04-18 02:32:52.151179+00,2026-04-18 02:32:52.151179+00,,0,tr
616,1223,Studied a famous DeFi exploit from 2022 line by line tonight. The bug was visible in a single function. Hindsight is a luxury. The exploit's author saw it without hindsight. That's the skill.,2026-04-19 08:06:30.411217+00,2026-04-19 08:06:30.411217+00,,0,tr
617,1223,"Diyarbakır has 7 hours of remote-overlap with European hours. I make them count. The rest of the day I read, walk, and sit in my favourite kahvehane. Different from my classmates in Istanbul. Better.",2026-03-24 10:20:20.705594+00,2026-03-24 10:20:20.705594+00,,0,tr
618,1223,Wrote my own ERC-20 today. Deployed to a testnet. Watched the transactions roll in. Some kind of magic. Reminds me why I picked this field.,2026-04-26 14:24:28.599577+00,2026-04-26 14:24:28.599577+00,,0,tr
619,1223,My mentor sent me a list of 30 audit firms. Said: 'read their public reports for a month before you apply. You'll know who fits.' Practical advice. Started today.,2026-04-24 18:33:31.281325+00,2026-04-24 18:33:31.281325+00,,0,tr
620,1223,Gas optimization is its own little discipline. Saved 1200 gas on a function today by reordering a struct's fields. Small but I'm proud. Real engineers learn to love these wins.,2026-05-07 22:12:29.938312+00,2026-05-07 22:12:29.938312+00,,0,tr
621,1223,"Family Sunday — too many cousins, too much food, no laptop. Came back to my notes Monday morning and they made more sense. Distance from work is its own skill.",2026-04-24 15:22:09.26428+00,2026-04-24 15:22:09.26428+00,,0,tr
622,1223,Reviewing audit reports made me appreciate how much of senior security work is writing. A well-written finding is more useful than a flashy exploit. Note to self: write more.,2026-04-26 08:45:12.384518+00,2026-04-26 08:45:12.384518+00,,0,tr
623,1224,"My mentor's first homework: list five companies I'd actually want to work at, not five companies hiring. Different list. Useful exercise.",2026-04-02 08:12:14.86688+00,2026-04-02 08:12:14.86688+00,,0,tr
624,1224,Deployed my React project to Vercel today. The free tier is suspiciously easy. The first time you see your URL in the wild is a real feeling.,2026-04-25 03:15:29.179164+00,2026-04-25 03:15:29.179164+00,,0,tr
625,1224,Grandmother brought me çay every 90 minutes today. Productivity unaffected. Hydration excellent. Best home office setup in Adana.,2026-04-09 19:51:16.732201+00,2026-04-09 19:51:16.732201+00,,0,tr
626,1224,Mock interview with my mentor today. He stopped me at minute three because I'd already apologized for my background twice. Recording shows I do this constantly. Working on it.,2026-03-24 17:39:53.656908+00,2026-03-24 17:39:53.656908+00,,0,tr
627,1224,Studied React Server Components today. Half the blog posts are wrong because the API moved. Going to write a 'what I learned' post once it clicks. The internet needs a current one.,2026-04-18 15:43:26.468556+00,2026-04-18 15:43:26.468556+00,,0,tr
628,1225,"Wrote a Django model for a personal finance tracker. The first model is always too detailed. Tomorrow I'll cut three fields. Less is more, even in models.",2026-05-01 06:11:13.673336+00,2026-05-01 06:11:13.673336+00,,0,tr
629,1225,"My mentor told me: 'self-taught is the hardest path but the most durable. Whatever you learn this year, you'll know cold.' Saving this for hard days.",2026-05-03 20:42:56.322418+00,2026-05-03 20:42:56.322418+00,,0,tr
630,1225,"Built a small ETL pipeline for my own bank statements. Cleaned data, categorized expenses, summary report. Realized: real projects don't need to be impressive. They need to be done.",2026-04-28 10:30:22.081992+00,2026-04-28 10:30:22.081992+00,,0,tr
631,1225,"Sakarya in May: lilacs and gentle rain. Walked to the library, read for two hours, walked back. Reading and walking are dev skills.",2026-04-16 16:12:54.611185+00,2026-04-16 16:12:54.611185+00,,0,tr
632,1225,"Read Django REST framework source today. Half I understood, half I didn't. Going to read the same module again next week and see what's changed in my head.",2026-04-30 15:20:40.015244+00,2026-04-30 15:20:40.015244+00,,0,tr
633,1225,"My mentor's reading list this week is ""go through three job postings and write what you'd learn from doing each role."" Smart exercise — career planning through artifacts.",2026-04-20 23:51:08.599101+00,2026-04-20 23:51:08.599101+00,,0,tr
634,1225,Test coverage went from 30% to 70% on my project today. I'm calling it a day. Coverage isn't quality but it's at least proof I thought about what to break.,2026-04-27 09:56:59.57464+00,2026-04-27 09:56:59.57464+00,,0,tr
635,1226,Ran a 'how to read a research paper' session for 12 classmates tonight. Three of them stayed an hour after to ask deeper questions. Community work compounds quietly.,2026-04-23 12:43:17.10513+00,2026-04-23 12:43:17.10513+00,,0,tr
636,1226,"My mentor in research told me: 'you can't build a club without writing the constitution first.' Spent the weekend on a one-page charter. Painful, useful.",2026-05-09 01:35:30.682563+00,2026-05-09 01:35:30.682563+00,,0,tr
637,1226,Samsun coast walk with three of my study group. Watched a fisherman pull up nothing for an hour. He was content. Good walks have been my favourite study aid this year.,2026-04-20 07:56:26.561124+00,2026-04-20 07:56:26.561124+00,,0,tr
638,1226,Wrote out the application timelines for 8 universities in a single spreadsheet today. Looking at all the dates side-by-side made the project feel finite. Recommend.,2026-04-21 23:00:46.796066+00,2026-04-21 23:00:46.796066+00,,0,tr
639,1227,Ran 5 user interviews for a fake startup idea today. Three told me my idea was useless. Two were polite. The three were the most valuable conversations.,2026-04-23 17:50:52.470952+00,2026-04-23 17:50:52.470952+00,,0,tr
640,1227,My mentor asked me to define 'what is product management?' in one sentence. Spent the session iterating. Final answer: 'continuously deciding what not to ship.' I think I believe it.,2026-04-22 15:29:48.31401+00,2026-04-22 15:29:48.31401+00,,0,tr
641,1227,Built a tiny Notion-clone with my own opinions baked in. Ten users so far. Two unsubscribed. One sent me a five-paragraph feature request. I love this work.,2026-04-29 08:23:27.428189+00,2026-04-29 08:23:27.428189+00,,0,tr
642,1227,"Çankaya in May: jacarandas (no, but I imagined them), real ones lining the Atatürk Bulvarı. Walked home after a long study day. Ankara is gentler than people think.",2026-04-29 23:58:06.672708+00,2026-04-29 23:58:06.672708+00,,0,tr
643,1227,"Today's session: read three job postings, identify the 'real' job vs. the 'wishlist' job. Realized two of three are wishlists. Saving an hour by skipping the wishlist applications.",2026-05-07 23:01:23.265128+00,2026-05-07 23:01:23.265128+00,,0,tr
644,1228,Ran a workshop on writing product specs today. Hardest question I got: 'what do you cut when timeline shrinks?' I didn't have a good answer. Now I'm researching it.,2026-04-22 19:23:23.667262+00,2026-04-22 19:23:23.667262+00,,0,tr
645,1228,My mentor sent me three product specs from real teams. None of them were good. Confidence boost — even experienced PMs ship messy specs. The bar is more forgiving than I thought.,2026-04-16 16:35:22.009681+00,2026-04-16 16:35:22.009681+00,,0,tr
646,1229,Took the SAA practice test today. 68%. Pass mark is 72%. Bottleneck: VPC peering & transit gateway. Next two weeks belong to networking.,2026-05-07 04:10:25.558684+00,2026-05-07 04:10:25.558684+00,,0,tr
647,1229,My mentor: 'the certification gets you the interview. The half-built homelab gets you the job.' Started building it tonight. Three EC2 instances and a regret.,2026-04-28 00:32:27.685097+00,2026-04-28 00:32:27.685097+00,,0,tr
648,1229,"Wrote Terraform on the balcony, sea in the distance. Antalya in May is a productivity hack you can't argue with.",2026-04-15 08:21:42.547662+00,2026-04-15 08:21:42.547662+00,,0,tr
649,1230,Cross-validation has been silently saving me on the last three Kaggle competitions. The leaderboard public score is a trap. The CV score is the truth.,2026-04-28 03:15:25.749571+00,2026-04-28 03:15:25.749571+00,,0,tr
650,1230,"My mentor: 'theoretical ML is necessary but not sufficient. Spend half your time on the engineering or you won't be hired.' Painful, true.",2026-04-10 00:52:46.068832+00,2026-04-10 00:52:46.068832+00,,0,tr
651,1230,Bornova evening walks with my classmates. We talk about everything except ML. Saves the brain for Saturday morning Kaggle.,2026-05-06 08:49:59.321481+00,2026-05-06 08:49:59.321481+00,,0,tr
652,1231,Shipped a Flutter habit tracker tonight. Three of my friends installed it. It already crashes on Android 14. Fixing tomorrow.,2026-04-24 22:22:14.432155+00,2026-04-24 22:22:14.432155+00,,0,tr
653,1231,"Tried Riverpod after Bloc for a small app. Riverpod won. Less boilerplate, easier mental model. Going to migrate everything.",2026-04-30 06:31:34.988041+00,2026-04-30 06:31:34.988041+00,,0,tr
654,1231,My mentor sent me a list of 20 mobile-first startups in Turkey. Said: 'now write the README of the company you'd join.' Different exercise than I expected. Helpful.,2026-04-27 07:33:40.307869+00,2026-04-27 07:33:40.307869+00,,0,tr
655,1231,"Tekirdağ in May: sunsets over the sea, neighbours barbecuing, no traffic. The hometown I tried to escape three years ago is the one I keep coming back to for the work.",2026-04-30 22:01:08.958644+00,2026-04-30 22:01:08.958644+00,,0,tr
656,1231,Did 100 commits on my Flutter app this month. Quality varies. Quantity is the gateway to quality. The hundredth commit is better than the first hundred put together.,2026-05-07 15:41:17.043368+00,2026-05-07 15:41:17.043368+00,,0,tr
657,1231,"User feedback summary from week one: 'the colors hurt my eyes,' 'where is the dark mode,' 'this is fast.' Two complaints, one compliment. The speed compliment is the gift.",2026-04-18 22:44:42.512787+00,2026-04-18 22:44:42.512787+00,,0,tr
658,1231,'Don't release on Friday' — first non-technical rule my mentor pushed on me. I deployed Thursday night this week. Saved my weekend. Lesson sticks.,2026-04-29 23:26:13.915032+00,2026-04-29 23:26:13.915032+00,,0,tr
659,1231,Made my mom install my app today. She found a bug in 90 seconds. Family QA is brutal and accurate. Updating the input validation tonight.,2026-04-30 11:28:48.133421+00,2026-04-30 11:28:48.133421+00,,0,tr
660,1232,Wrote a simple lending pool contract. Twelve lines of code; two days of thinking. Realized the math is the easy part. The trust model is the work.,2026-05-01 16:40:54.444198+00,2026-05-01 16:40:54.444198+00,,0,tr
661,1232,My mentor walked me through one of his old contract findings. We spent an hour on three lines. Slow read is the skill.,2026-05-01 10:18:41.170752+00,2026-05-01 10:18:41.170752+00,,0,tr
662,1232,Karşıyaka ferry to Konak today. Read EIPs the whole crossing. The Aegean is a study room with a view.,2026-04-17 16:48:22.574116+00,2026-04-17 16:48:22.574116+00,,0,tr
663,1233,My mentor reframed my mech-eng experience as 'systems thinking.' Same facts. Different sentence. Suddenly the cover letter wrote itself.,2026-04-27 17:29:45.778926+00,2026-04-27 17:29:45.778926+00,,0,tr
664,1233,Built a small Excel model for a friend's restaurant cost analysis tonight. The friend now thinks I'm a wizard. Real projects > Kaggle.,2026-04-24 23:23:52.137785+00,2026-04-24 23:23:52.137785+00,,0,tr
665,1234,Cloned the IMDB homepage today. The challenge wasn't the UI; it was the data shape. Real apps spend 70% of their effort on data and I'd never have learned that on tutorials.,2026-05-09 09:17:27.418627+00,2026-05-09 09:17:27.418627+00,,0,tr
666,1234,"My mentor's first feedback: 'stop saying ""I made this app"" and start saying ""I made this decision."" The recruiter doesn't care about the app.' Cover letter rewrite tonight.",2026-04-24 02:52:39.1035+00,2026-04-24 02:52:39.1035+00,,0,tr
667,1235,"Implemented Value-at-Risk three different ways tonight. Historical, parametric, Monte Carlo. All three gave different answers. The textbook didn't mention that.",2026-04-20 06:50:30.593619+00,2026-04-20 06:50:30.593619+00,,0,tr
668,1235,"My mentor told me: 'a model that disagrees with another model is useful. A model you can't explain isn't.' Going to rewrite the assumptions section of mine.""",2026-05-03 18:49:12.428906+00,2026-05-03 18:49:12.428906+00,,0,tr
669,1235,"Yenimahalle apartment, fourth floor, the only window with sun in the afternoon. Where my model converges and where I'll always remember writing it.",2026-04-27 03:53:14.239604+00,2026-04-27 03:53:14.239604+00,,0,tr
670,1236,Day five of Swift. Closures still feel like magic. Going to re-read the chapter four times instead of moving on. Closures are the gateway.,2026-04-20 21:21:49.407644+00,2026-04-20 21:21:49.407644+00,,0,tr
671,1236,"My mentor showed me how to read Apple's docs efficiently. We skimmed twice, then went deep on one paragraph. I'd been doing it wrong for a year.",2026-05-04 21:28:55.328206+00,2026-05-04 21:28:55.328206+00,,0,tr
672,1237,Hit a streak of 20 problems solved this week. Felt great until I tried to explain my solution to a friend. Couldn't. Writing about solutions is harder than solving.,2026-05-04 13:54:49.584405+00,2026-05-04 13:54:49.584405+00,,0,tr
673,1237,Today's bug: I had off-by-one in a binary search problem. Spent an hour finding it. Realized I had memorized the template wrong. Templates without understanding are landmines.,2026-04-16 08:54:51.907566+00,2026-04-16 08:54:51.907566+00,,0,tr
674,1237,"My mentor: 'competitive programming makes you fast and confident. It doesn't make you a software engineer. Work on systems too.' Reluctantly building a small distributed cache.""",2026-04-07 18:18:07.177518+00,2026-04-07 18:18:07.177518+00,,0,tr
675,1237,Re-implemented Dijkstra from scratch tonight without looking at notes. Took 25 minutes. Six months ago this was an hour. Slow compounding gets you there.,2026-04-20 07:56:47.789317+00,2026-04-20 07:56:47.789317+00,,0,tr
676,1237,Ankara spring evenings on the METU campus. Studied outside on the grass. The squirrels are bigger than I remember. Maybe I'm the one who got smaller.,2026-04-30 11:56:26.262691+00,2026-04-30 11:56:26.262691+00,,0,tr
677,1237,"Solved a hard graph problem today that I would have given up on last year. The skill is endurance, not cleverness. Sit with it longer.",2026-05-02 14:48:34.131742+00,2026-05-02 14:48:34.131742+00,,0,tr
678,1237,"Did my first mock interview today. Two algorithm questions, one design. The design question caught me off-guard. Now I know my gap.",2026-04-29 22:46:45.481251+00,2026-04-29 22:46:45.481251+00,,0,tr
679,1238,Wrote my first widget today. Counter app. Compiled. Felt like solving an entirely new kind of puzzle. Mobile is going to be the field for me.,2026-05-05 06:47:40.709637+00,2026-05-05 06:47:40.709637+00,,0,tr
680,1239,"My mentor sent me Uniswap V2's whitepaper and said: 'read it three times this week, then we'll talk.' I'm on read two. Already see things I missed.",2026-04-11 14:47:48.035329+00,2026-04-11 14:47:48.035329+00,,0,tr
681,1240,Walked into a small kebab place in Denizli with a notebook. The owner gave me an hour. Heard three problems I hadn't considered. The best market research isn't online.,2026-04-17 10:50:26.090411+00,2026-04-17 10:50:26.090411+00,,0,tr
682,1240,My mentor: 'small city is your advantage. The Istanbul founder has to fight for these conversations.' Reframing my hometown as a moat.,2026-05-03 07:17:45.282097+00,2026-05-03 07:17:45.282097+00,,0,tr
683,1240,"Pamukkale travertines in the distance, my apartment desk in the foreground. Cleaner air than Istanbul. Better thinking. I keep telling myself this is enough.""",2026-05-04 05:19:08.517468+00,2026-05-04 05:19:08.517468+00,,0,tr
684,1241,"My mentor's first question was 'when did you last sleep eight hours?' I said I couldn't remember. We spent the session on sleep, not on study tactics. I expected the opposite. I'm grateful.",2026-04-26 16:42:54.47025+00,2026-04-26 16:42:54.47025+00,,0,tr
685,1242,"Cleaned a 50k-row dataset today. Three duplicate-detection bugs, two type-coercion surprises, one missing-value philosophy decision. Cleaning is the work; modeling is the dessert.",2026-04-21 20:53:42.885479+00,2026-04-21 20:53:42.885479+00,,0,tr
686,1242,"My mentor said: 'your data scientist value is in the questions you ask, not the models you fit.' Spent the session writing better questions about my project.",2026-05-06 05:29:00.708227+00,2026-05-06 05:29:00.708227+00,,0,tr
687,1242,Şişli apartment with my roommate. He's an engineer; I'm a wannabe data scientist. We argue about which is harder. Nobody wins. We cook together and call it even.,2026-04-26 07:21:51.739929+00,2026-04-26 07:21:51.739929+00,,0,tr
688,1243,My mentor's exercise: 'role-play a meeting where you have to push back on a senior engineer's estimate.' I froze. We did it three times. The third was passable. Practice is the only way.,2026-05-05 04:24:21.051424+00,2026-05-05 04:24:21.051424+00,,0,tr
689,1243,Wrote a one-page memo for a fake product launch tonight. Cut it from three pages. Compression is taste. The one-pager is what executives actually read.,2026-04-21 18:56:05.678453+00,2026-04-21 18:56:05.678453+00,,0,tr
690,1243,"Nilüfer has the best autumn in Turkey but May does its best too. Studied at the university garden. Hot tea, soft sun, a notebook full of half-questions.",2026-04-29 10:19:46.387482+00,2026-04-29 10:19:46.387482+00,,0,tr
691,1243,"Read a great product spec from a Series B in California today. Two things stood out: the explicit non-goals section, and the metric they committed to NOT moving. Both unusual. Both useful.",2026-04-30 23:16:01.809345+00,2026-04-30 23:16:01.809345+00,,0,tr
692,1244,Did 8 user interviews this week. The pattern was: people apologize for their workflow before they describe it. The apology is the insight.,2026-05-04 04:38:31.926584+00,2026-05-04 04:38:31.926584+00,,0,tr
693,1245,"Did a content audit for a friend's small business today. The findings: ten blog posts about everything, zero about their actual customer's job. Will rewrite the brief.",2026-04-18 00:04:42.210891+00,2026-04-18 00:04:42.210891+00,,0,tr
694,1245,My mentor told me: 'a great writer who can read GA4 is rarer than a great analyst who tries to write.' Spending two hours a day in GA4 this month.,2026-04-29 00:25:23.315801+00,2026-04-29 00:25:23.315801+00,,0,tr
695,1245,"Wrote a 300-word piece on a complex topic today. Editor cut it to 200. The 200 was better. Saving cuts > adding details, always.",2026-05-02 05:16:41.709375+00,2026-05-02 05:16:41.709375+00,,0,tr
696,1245,"Bakırköy morning walk before work. The marina, the gulls, the people who jog only on weekends. Writing is easier after a walk.",2026-05-01 03:56:41.680549+00,2026-05-01 03:56:41.680549+00,,0,tr
697,1245,SEO update: keyword volume has been replaced by intent quality in every senior conversation I've had this year. Algorithms reward depth now. Old playbook is dead.,2026-04-27 16:33:56.340194+00,2026-04-27 16:33:56.340194+00,,0,tr
698,1246,"Melis pushed me on a system-design exercise today. Drew my diagram, then asked 'what happens at 10x traffic?' I'd designed for the current load. The 10x answer takes me back to a different cache strategy entirely.",2026-04-20 06:13:22.088389+00,2026-04-20 06:13:22.088389+00,,0,tr
699,1246,Built a small message queue from scratch in Node tonight. Used Redis as the broker. Realized: queues are easy when you don't care about delivery guarantees. They're hard when you do.,2026-04-17 16:33:08.812474+00,2026-04-17 16:33:08.812474+00,,0,tr
700,1247,Wrote my first dbt model tonight. The mental model shift from 'transformation as a script' to 'transformation as a graph' is the lesson. Going to use this everywhere.,2026-05-04 22:47:10.783115+00,2026-05-04 22:47:10.783115+00,,0,tr
701,1247,"My mentor: 'a data engineer who writes great SQL is rare. Most write enough SQL.' Spent the session on a 60-line query I'd written, rewriting it for clarity.",2026-04-15 15:08:15.811916+00,2026-04-15 15:08:15.811916+00,,0,tr
702,1247,Mamak afternoon. Wrote queries on the balcony. My grandmother brought me tea three times. Best dev setup in the country.,2026-04-11 02:44:57.802593+00,2026-04-11 02:44:57.802593+00,,0,tr
703,1248,Mapped my first hiking trail with GPS today. The data has 8 GB of noise. Now I know why production GPS apps are hard. Filter design is the next two weekends.,2026-04-22 16:55:46.197092+00,2026-04-22 16:55:46.197092+00,,0,tr
704,1248,Aras (my mentor) told me to write a one-paragraph 'why this app exists' before any feature design. I rewrote it five times. Each version cut something. Final version made the next four feature decisions obvious.,2026-04-20 06:43:01.015312+00,2026-04-20 06:43:01.015312+00,,0,tr
705,1248,Optimized my map rendering today. The trick wasn't smaller images — it was caching at the right layer. Frame rate doubled. The architecture is the optimization.,2026-04-08 05:50:30.678935+00,2026-04-08 05:50:30.678935+00,,0,tr
706,1248,"Forest morning, code afternoon. Sarıyer has its perks. The cousin who works in Şişli thinks I'm wasting my degree. He may be right. He may not be.",2026-04-29 18:40:48.211704+00,2026-04-29 18:40:48.211704+00,,0,tr
707,1249,Audited a local restaurant's site today. Found 14 quick wins worth 30% more organic traffic if applied. Sent a one-page summary. Owner asked if I'd do it for cash. Said yes.,2026-05-03 12:45:59.420356+00,2026-05-03 12:45:59.420356+00,,0,tr
708,1249,"My mentor: 'SEO is just empathy at scale. Understand what the searcher is trying to do, give them the answer faster than the competition.' Going to print this.",2026-04-20 16:11:23.424316+00,2026-04-20 16:11:23.424316+00,,0,tr
709,1249,"Ümraniye is loud during the week, quiet on Sundays. Sunday is my reading day. The neighbourhood I grew up resenting is the one teaching me focus.",2026-04-25 22:14:46.795842+00,2026-04-25 22:14:46.795842+00,,0,tr
710,1250,"Designed a level on paper today before opening Unity. Two hours of sketching, twenty minutes of grayboxing. The paper saved me five days of iteration.",2026-04-18 13:08:12.160441+00,2026-04-18 13:08:12.160441+00,,0,tr
711,1250,My mentor in design told me: 'pretty levels lose to readable levels every time.' Going to redo my prototype with readability as the only metric.,2026-03-16 15:25:41.551509+00,2026-03-16 15:25:41.551509+00,,0,tr
712,1250,Bakırköy weekend market. The fishmonger arranged his stock by color. I noticed. The level designer brain doesn't turn off.,2026-04-09 10:37:13.18687+00,2026-04-09 10:37:13.18687+00,,0,tr
713,1251,"My mentor made me give a 3-minute talk on my own project. I rehearsed for an hour, gave it in 90 seconds, and forgot the middle. Recording showed what I missed. Doing it again tomorrow.",2026-04-28 21:37:03.967176+00,2026-04-28 21:37:03.967176+00,,0,tr
714,1251,Joined a Toastmasters group online. First meeting tonight. Was terrified. Spoke for 60 seconds about my favourite book. Got two compliments and one useful note. Survival.,2026-05-01 16:49:16.517236+00,2026-05-01 16:49:16.517236+00,,0,tr
715,1251,Reading 'Talk Like Ted' this week. Cliche book; useful book. The advice is to find your story before your slides. Working backward from a story I already have.,2026-04-18 23:02:18.557934+00,2026-04-18 23:02:18.557934+00,,0,tr
716,1251,Şişli evenings with my study group. Tonight we practiced presenting to each other. Two of them were as nervous as I was. Solidarity is the first step.,2026-05-05 08:34:17.172308+00,2026-05-05 08:34:17.172308+00,,0,tr
717,1251,Did my third presentation rep this week. Lighter on filler words; still talking too fast. Pace is the next thing. The metrics improve faster than the feeling does. Trusting the process.,2026-04-29 12:07:27.30666+00,2026-04-29 12:07:27.30666+00,,0,tr
718,1252,Shipped my second TestFlight beta tonight. 50 testers. The crash rate is way higher than I want. Going to learn proper error reporting this weekend.,2026-05-07 09:49:20.019048+00,2026-05-07 09:49:20.019048+00,,0,tr
719,1252,"Switched to SwiftData from CoreData on a small project. Less ceremony, fewer files. CoreData has its place but the bar to entry just got lower.",2026-05-06 21:32:03.062431+00,2026-05-06 21:32:03.062431+00,,0,tr
720,1252,My mentor told me: 'ship is the only thing that compounds. Half the senior engineers in this town don't ship anymore. Don't lose that.' Saving.,2026-05-03 01:31:19.392738+00,2026-05-03 01:31:19.392738+00,,0,tr
721,1252,Added a widget to my app today. Took longer than expected; the architecture is its own thing. Now I understand why every major iOS app shipped widgets late.,2026-04-24 13:41:18.342603+00,2026-04-24 13:41:18.342603+00,,0,tr
722,1252,Pendik morning ferry to Kadıköy with my laptop. Writing Swift between the seagulls. The commute is my best two-hour focus block of the day.,2026-05-08 05:34:33.975397+00,2026-05-08 05:34:33.975397+00,,0,tr
723,1252,Spent two hours on a layout bug. The issue was a wrong .padding modifier order. SwiftUI is a foreign language with very particular grammar. Embrace the strangeness.,2026-04-16 12:03:47.323473+00,2026-04-16 12:03:47.323473+00,,0,tr
724,1252,Today's session reviewed my widget code. My mentor circled the same naming inconsistency in four places without naming it. Spent an hour finding the pattern. Best teaching method I've experienced.,2026-05-06 20:19:16.34826+00,2026-05-06 20:19:16.34826+00,,0,tr
725,1252,Mom asked me to set up her new iPad today. I made it tap-tap-tap for the apps she uses every day. She thanked me three times. Real-world UX education.,2026-05-05 04:39:23.441444+00,2026-05-05 04:39:23.441444+00,,0,tr
726,1252,"Built my own Combine publisher tonight just to understand how the framework actually works. Took three hours. Now I read the source differently. Building a toy version is the deepest read.""",2026-05-05 10:40:30.79644+00,2026-05-05 10:40:30.79644+00,,0,tr
727,1253,Earned AWS Cloud Practitioner today. Studied between the rebuilds. The cert is small; the proof that I could keep going through this year is the real thing.,2026-04-25 20:12:20.16617+00,2026-04-25 20:12:20.16617+00,,0,tr
728,1253,"My mentor told me: 'remote work is going to find you. The market for self-directed learners is bigger than you think.' First conversation that made me feel less alone.""",2026-05-08 20:41:35.472118+00,2026-05-08 20:41:35.472118+00,,0,tr
729,1253,Spun up my first ECS service today. The IAM policies are 80% of the work. Now I understand why everyone in the industry talks about IAM more than the compute service.,2026-05-07 21:36:48.961046+00,2026-05-07 21:36:48.961046+00,,0,tr
730,1253,Hatay sunset from the new dorm. Half the city is still under construction; the other half is open for business. The contrast is hard to describe to someone who hasn't seen it.,2026-04-30 16:31:54.739021+00,2026-04-30 16:31:54.739021+00,,0,tr
731,1253,Wrote my first Terraform module today. The 'plan' command is comforting — it tells you exactly what's about to break. I want all engineering tools to behave this way.,2026-04-27 11:51:56.487782+00,2026-04-27 11:51:56.487782+00,,0,tr
732,1253,Mentor asked me: 'what would you tell your past self about this year?' I wrote three pages. We'll edit it down next session. The exercise was the lesson.,2026-05-03 16:03:19.560736+00,2026-05-03 16:03:19.560736+00,,0,tr
733,1254,Built a small ETL pipeline using Gaziantep's open data on street markets. Found a duplicate-merchant problem nobody at city hall had noticed. Sent them a report. They wrote back. Real work matters.,2026-04-09 22:12:18.658965+00,2026-04-09 22:12:18.658965+00,,0,tr
734,1255,"Spent five hours mixing a chorus that lacked a melody. The mix can't fix what the song doesn't say. Producers who can't write are mixing forever; writers who can't mix are stuck demoing. Learn both, in that order.",2026-05-02 08:32:02.555798+00,2026-05-02 08:32:02.555798+00,,0,tr
735,1255,"Listened to Pinhani's new EP on headphones in the morning, on monitors in the evening, and on car speakers at 11pm. Three different records. Mix engineers know this; everyone else should learn it.",2026-05-04 11:53:15.784217+00,2026-05-04 11:53:15.784217+00,,0,tr
736,1255,"Made plov for friends after a session tonight. Six people, three musicians, two arguments, one new collaboration on the dishwashing rota. Studio days are intense; the dinners after are why we keep doing this.",2026-05-04 16:55:41.429607+00,2026-05-04 16:55:41.429607+00,,0,tr
737,1255,"Junior producers: stop buying plugins. The free stock plugins in Logic and Ableton are good enough for a finished record. The bottleneck is your ears, not your collection. Spend the money on a one-on-one mix critique instead.",2026-05-04 12:14:05.69552+00,2026-05-04 12:14:05.69552+00,,0,tr
738,1256,"Beginner illustrators ask ""what brushes do you use."" Senior illustrators ask ""what is the character thinking in this frame."" The first question is a trap. Brushes are unimportant; intent is everything.",2026-05-03 05:28:55.186065+00,2026-05-03 05:28:55.186065+00,,0,tr
739,1256,"Started a 100-day inktober variant — one drawing a day, one minute maximum. Day 14 today. The quality is awful, the discipline is excellent. The constraint freed me from polish.",2026-04-21 13:14:44.934436+00,2026-04-21 13:14:44.934436+00,,0,tr
740,1256,"Book cover brief sent to me yesterday: 'literary fiction, themes of memory and loss, no people on cover.' Constraint as gift. The 'no people' rule eliminated forty bad options before I drew a line.",2026-04-24 16:03:15.224471+00,2026-04-24 16:03:15.224471+00,,0,tr
741,1256,Tatlı sat on my drawing tablet for an hour today. Productivity = 0. Patience for old cat = infinite. Some afternoons are for the cat.,2026-04-19 13:48:54.906409+00,2026-04-19 13:48:54.906409+00,,0,tr
742,1256,Beginners over-render eyes. Senior illustrators under-render eyes. A simple dot says more than a polished iris because the viewer fills in the meaning. Trust the viewer.,2026-04-30 11:03:50.836837+00,2026-04-30 11:03:50.836837+00,,0,tr
743,1257,The first lesson in photojournalism is that captions are the work. The photo without a caption is decorative; the caption without the photo can stand on its own. Write the captions before the trip if you can.,2026-04-30 09:07:09.232043+00,2026-04-30 09:07:09.232043+00,,0,tr
744,1257,"Walked the old Konya bazaar this morning. Took eight frames. Kept two. The ratio is fine. Most photographers' problem is they keep too many, not that they shoot too few.",2026-05-02 10:54:01.365397+00,2026-05-02 10:54:01.365397+00,,0,tr
745,1257,"Documentary ethics — basic rule: never stage what you photograph as candid. The second you ask someone to do something again, you've left documentary and entered editorial. Both have a place; never call one the other.",2026-05-07 09:41:46.617439+00,2026-05-07 09:41:46.617439+00,,0,tr
746,1257,"Konya in May has light I never had in Istanbul. Different colour, longer hours, the kind of sun that doesn't ruin a photograph at noon. Slowness as an artistic decision pays off.""",2026-05-07 01:24:35.950223+00,2026-05-07 01:24:35.950223+00,,0,tr
747,1258,"Cinematography is choices, not gear. The camera body matters in the last 10% — the first 90% is blocking, light direction, and lens choice. Beginners reverse this and wonder why their footage looks like everyone else's.",2026-04-30 23:38:08.232281+00,2026-04-30 23:38:08.232281+00,,0,tr
748,1258,"Re-watched Tarkovsky's Mirror this weekend. Three hours, six tracking shots that broke me again. Beginners should watch slow films before fast ones. The grammar lives in the long takes.""",2026-05-03 13:22:12.096088+00,2026-05-03 13:22:12.096088+00,,0,tr
749,1258,Sound is half of cinema. A perfect picture with bad sound is a bad film; a good story with perfect sound and average picture works fine. Allocate budget accordingly. Most student films overspend on cameras and underspend on the boom op.,2026-04-08 15:23:16.771332+00,2026-04-08 15:23:16.771332+00,,0,tr
750,1258,"Beyoğlu rakı evening with two old colleagues from my AA days. Talked about everything except film. Came home and storyboarded for two hours. The break is the work.""",2026-05-06 01:58:20.684456+00,2026-05-06 01:58:20.684456+00,,0,tr
751,1258,"Re-read McKee's Story for the third time. Cliché, still useful. The framework is rigid; the application has to be loose. Most beginners memorize the structure and forget the freedom inside it.",2026-05-05 12:28:13.186548+00,2026-05-05 12:28:13.186548+00,,0,tr
752,1258,To students wanting to make their first short: pick a story you can shoot in two locations with three actors. Eighteen-minute first short is a fantasy. Eight minutes is achievable. Eight done > eighteen abandoned.,2026-03-22 13:20:11.453842+00,2026-03-22 13:20:11.453842+00,,0,tr
753,1259,"Worked on the Beethoven Op. 110 third movement for two hours today. The trill is still uneven. Practice doesn't make perfect — it makes the unevenness visible, which is the point.",2026-05-04 12:00:08.40739+00,2026-05-04 12:00:08.40739+00,,0,tr
754,1259,"My new mentor (Selen) asked me: 'why do you play piano? not why you study it. why do you play.' I said something about love. She made me write three pages on it. Different question, different answer.""",2026-04-29 12:23:26.430373+00,2026-04-29 12:23:26.430373+00,,0,tr
755,1259,"Cihangir morning walk to school. Same route, eight years, four shoe pairs. The repetition is the music. Going to use this in my recital program notes somehow.""",2026-04-12 12:48:16.440914+00,2026-04-12 12:48:16.440914+00,,0,tr
756,1260,"My mentor cut my treatment from 18 pages to 8 today. I cried a little. The 8 is better. The cry was about the work I won't make, not the work I will.""",2026-04-27 09:18:29.295623+00,2026-04-27 09:18:29.295623+00,,0,tr
757,1260,"Watched Ceylan's Winter Sleep again for the third time. Three-hour films don't drag if the silences are earned. Mine drag because the silences are scared. Working on it.""",2026-03-26 14:42:42.40063+00,2026-03-26 14:42:42.40063+00,,0,tr
758,1260,Edited a one-minute teaser for the short today. Spent four hours on three frames. Cinema time is real time × 240. Sleep tonight is non-negotiable.,2026-04-22 07:21:54.708161+00,2026-04-22 07:21:54.708161+00,,0,tr
759,1260,"Bursa film club Friday: ten of us, one projector, no popcorn. We watched a Turkish documentary I'd never heard of. Best two hours of the week. The club is why I haven't moved to Istanbul yet.""",2026-04-25 15:05:27.698471+00,2026-04-25 15:05:27.698471+00,,0,tr
760,1261,Did the one-minute drawing challenge for the seventh day. Day seven looks worse than day one. Going to keep doing it. The improvement isn't linear and that's the point.,2026-04-20 07:55:07.35857+00,2026-04-20 07:55:07.35857+00,,0,tr
761,1261,"My mentor asked me 'what story does this image tell on its own.' I said I didn't know. He said good — start there. That's the homework for the week.""",2026-05-04 09:57:27.045508+00,2026-05-04 09:57:27.045508+00,,0,tr
762,1261,"Spent a Saturday in Eskişehir's old town with a sketchbook. Three hours, twelve frames. The town is paying for itself in studies.""",2026-04-06 19:47:28.395904+00,2026-04-06 19:47:28.395904+00,,0,tr
763,1261,"Concept art lesson I learned the hard way: the 'cool design' is the wrong goal. The right goal is 'design that tells you about the world.' My mentor circled the same anti-pattern in three pieces today.""",2026-05-08 10:43:50.407471+00,2026-05-08 10:43:50.407471+00,,0,tr
764,1261,"Shared apartment with two other illustrators. We critique each other's work over breakfast. It's brutal and kind in roughly equal measure. The kind is what keeps us at it.""",2026-05-02 15:22:17.923737+00,2026-05-02 15:22:17.923737+00,,0,tr
765,1262,"Read Lucia Berlin's 'A Manual for Cleaning Women' again this week. The trick is that her sentences look easy. They aren't. The easy sentence is the senior craft.""",2026-05-01 21:04:21.120893+00,2026-05-01 21:04:21.120893+00,,0,tr
766,1262,"Mentor reading my story this week made one comment: 'cut the third paragraph; it explains what the dialogue already showed.' Forty-eight words gone. Story is sharper. Cutting > rewriting.""",2026-04-28 14:40:55.828616+00,2026-04-28 14:40:55.828616+00,,0,tr
767,1262,"Adana morning, 6am desk, çay and notebook. Wrote 600 words I'll probably delete. The deleted words are still the work. Mornings are sacred.""",2026-05-09 10:18:29.285861+00,2026-05-09 10:18:29.285861+00,,0,tr
768,1263,"Spent four mornings with the same fisherman at the Antalya harbour. Today he finally let me photograph him without performing. Trust > technique. The first ten frames were stiff; the eleventh was him.""",2026-05-06 16:41:42.314542+00,2026-05-06 16:41:42.314542+00,,0,tr
769,1263,"Aslı's homework this week: 'write the captions for ten photos you haven't taken yet.' I thought she was joking. She wasn't. Trying.""",2026-04-27 18:10:45.533346+00,2026-04-27 18:10:45.533346+00,,0,tr
770,1263,"Antalya light at 6am vs noon vs 6pm. Three completely different cities. Documentary photographers know which hour their story lives in; tourists don't. I'm finally graduating from tourist.""",2026-04-03 19:03:26.853118+00,2026-04-03 19:03:26.853118+00,,0,tr
771,1263,"Antalya seasonal workers leaving the harvest field at dusk. Twenty minutes of conversation, two frames. Most days are like this. Time is the budget.""",2026-05-05 11:13:22.238738+00,2026-05-05 11:13:22.238738+00,,0,tr
772,1264,"Made my fifth attempt at a perfect canelé tonight. Three failed, one was edible, the fifth had the right interior. The exterior still needs work. Pastry is the discipline of repetition without contempt.""",2026-04-19 20:55:38.004276+00,2026-04-19 20:55:38.004276+00,,0,tr
773,1264,"Beyoğlu bistro after a 14-hour shift. Walked home along İstiklal at midnight, exhausted, content. Tired-from-good-work is a different tired.""",2026-04-27 12:13:22.890811+00,2026-04-27 12:13:22.890811+00,,0,tr
774,1265,"Rehearsed a 40-second monologue twenty-three times today before it stopped being mine and started being the character's. The number is exact. Acting is the long road to disappearance.""",2026-04-27 12:28:14.584441+00,2026-04-27 12:28:14.584441+00,,0,tr
775,1265,"Improvisation class last night: ""yes, and"" is harder than it sounds. The 'yes' is fine. The 'and' is where my actor brain quits and my student brain takes over. Working on it.""",2026-05-01 17:41:20.678906+00,2026-05-01 17:41:20.678906+00,,0,tr
776,1265,"Karşıyaka vapur evening, sunset across the bay, rehearsing under my breath. The deckhand thinks I'm losing my mind. I'm not — I'm finding it.""",2026-04-10 11:44:54.817061+00,2026-04-10 11:44:54.817061+00,,0,tr
777,1266,"Recorded the pilot episode this week. Sixteen takes for the cold open. I was overthinking it. Selen listened to take three and said it was already there. The other thirteen taught me what 'already there' sounds like.""",2026-04-24 07:53:56.911114+00,2026-04-24 07:53:56.911114+00,,0,tr
778,1266,"Selen sent me a note after our session: 'the silence between sentences is the show, not the sentences.' Re-edited episode one with 200ms more space between phrases. Different show.""",2026-05-04 08:00:28.554288+00,2026-05-04 08:00:28.554288+00,,0,tr
779,1267,"Read three interpretability papers tonight. Pattern: every paper claims a new method, very few claim a falsifiable prediction. The field's incentives are wrong, and the small number who write defensively are the ones to follow.",2026-04-25 10:49:05.975027+00,2026-04-25 10:49:05.975027+00,,0,tr
780,1267,Two short mentorships in 18 months taught me what I want this time: someone who'll commit for six months and tell me when I'm wrong. Applying to one mentor this week and trying not to over-think it.,2026-04-27 19:29:14.805559+00,2026-04-27 19:29:14.805559+00,,0,tr
781,1267,"Çankaya morning with my two roommates — one writing a thesis, one debugging her first ML pipeline, me reading. Three different problems, same kitchen table. Best study room in Ankara.",2026-05-03 12:53:44.350278+00,2026-05-03 12:53:44.350278+00,,0,tr
782,1267,Wrote a small toy implementation of integrated gradients today. The math finally clicks when you build it from scratch instead of importing it. Recommend the exercise to anyone reading interpretability papers.,2026-04-27 13:51:31.932592+00,2026-04-27 13:51:31.932592+00,,0,tr
783,1267,Sunday İskambil with friends. We talked about everything except theses for three hours. Mondays are easier when Sundays are this kind of full.,2026-05-02 19:50:50.858086+00,2026-05-02 19:50:50.858086+00,,0,tr
784,1268,"Two kinds of interpretability papers: the kind that try to make models more debuggable, and the kind that try to make ML legible to non-technical stakeholders. They share methods but very different audiences. Pick which one you're writing for before you write.",2026-04-19 19:37:53.666079+00,2026-04-19 19:37:53.666079+00,,0,tr
785,1268,"Re-read 'On Bullshit' by Frankfurt this weekend. Short, dense, useful. Helped me distinguish careless from careful claims in our literature. The careless ones aren't dishonest — they just don't care if they're right.",2026-05-01 18:20:56.976286+00,2026-05-01 18:20:56.976286+00,,0,tr
786,1268,For people considering industry research vs. PhD: it's not 'industry vs academia.' It's 'which constraints help your taste develop.' My lab gives me compute + product pressure. A PhD gives you advisor + time. Neither is better. Pick the constraints that will shape you the way you want to be shaped.,2026-04-29 16:15:14.264009+00,2026-04-29 16:15:14.264009+00,,0,tr
787,1268,Sarıyer Belgrad Forest run this morning. The forest is the antidote to the open-plan office. Even one hour resets the slow-thinking muscle.,2026-04-06 19:09:57.581449+00,2026-04-06 19:09:57.581449+00,,0,tr
788,1268,The hardest thing to teach a junior researcher is when to stop. Most new researchers either stop too early (declare victory) or never stop (chase one more experiment). Senior craft is knowing the difference and writing as soon as you have the difference.,2026-05-10 04:38:22.225935+00,2026-05-10 04:38:22.225935+00,,0,tr
789,1269,"Reviewing applications for the autumn cycle this week. The single most common mistake: applicants describe what they did, not what question they care about. The committee can read your CV. Tell them what you'd commit five years to.",2026-05-01 04:29:44.077743+00,2026-05-01 04:29:44.077743+00,,0,tr
790,1269,EU AI Act implementation timelines are about to put real pressure on applied AI research. Worth tracking for any candidate writing about deployed ML. Policy + technical is rarer than either alone and increasingly hireable.,2026-05-04 16:11:09.912141+00,2026-05-04 16:11:09.912141+00,,0,tr
791,1269,PhD applicants from outside top-30 universities: your school is rarely the bottleneck. Your essays are. Top programs admit from anywhere if the writing is sharp and the recommender letters are specific. Spend on the writing.,2026-05-04 17:07:11.644942+00,2026-05-04 17:07:11.644942+00,,0,tr
792,1269,"Zürich morning fog and a coffee, sitting through PhD admissions calls until noon. Then ten minutes of paperwork, twenty more candidates. Slow days are the right days for these decisions.",2026-04-21 06:45:05.086026+00,2026-04-21 06:45:05.086026+00,,0,tr
793,1270,"AI safety isn't a vibe. It's a research field with internal disagreements as deep as any other. If you can't articulate two opposing technical positions inside the field, you're a follower, not a contributor. Spend a month on the disagreements before you pick a side.",2026-04-24 16:15:21.673654+00,2026-04-24 16:15:21.673654+00,,0,tr
794,1270,"Shipped our first public eval suite this week. Three months of work, fifty pages of methodology notes, one eight-line summary that's all anyone will read. The summary is the deliverable; the methodology is the proof.",2026-04-29 00:39:32.395065+00,2026-04-29 00:39:32.395065+00,,0,tr
795,1270,"Founder lesson, month 6: the safety researcher who refuses to learn fundraising is the same person who later complains they have no influence. Acquire the skill. You'll spend less time begging and more time deciding.",2026-04-28 08:10:07.403907+00,2026-04-28 08:10:07.403907+00,,0,tr
796,1270,"Beşiktaş apartment, 6am call to the West Coast, sun coming up over the Bosphorus, my cat unimpressed. The cofounder thing finally has a rhythm. Five months ago I thought I'd never sleep.",2026-04-30 18:36:09.238559+00,2026-04-30 18:36:09.238559+00,,0,tr
797,1270,For applicants asking 'should I do a PhD or join a frontier lab?': the question is wrong. Ask 'where will I have the best mentor for the next 4 years?' The answer determines the rest. Don't reverse-optimize prestige.,2026-05-01 18:50:16.773124+00,2026-05-01 18:50:16.773124+00,,0,tr
798,1271,"Junior Flutter shippers eventually hit the architecture wall: ""I want to add a fourth feature and my codebase is fighting me."" The wall is the lesson. Don't hire your way out of it — refactor through it once. You'll know what good architecture is forever.",2026-05-09 18:23:31.431813+00,2026-05-09 18:23:31.431813+00,,0,tr
799,1271,Flutter 3.27 dropped this week. Material 3 expressive theming is actually a big deal — it lets you do brand differentiation without fighting the framework. We're migrating two flagship screens; will write up the trade-offs.,2026-04-19 07:25:38.54341+00,2026-04-19 07:25:38.54341+00,,0,tr
800,1271,"'Test pyramid' debates miss the point. The right shape for a mobile app is whatever lets you ship to production at 4pm on a Friday with calm in your chest. For us that's heavy on unit, moderate on widget, light on integration — but it took two years and three incidents to find that mix.",2026-04-22 07:20:31.405632+00,2026-04-22 07:20:31.405632+00,,0,tr
801,1271,Started a new six-month engagement this month with a solo Flutter shipper from Tekirdağ. He has more pure-engineering muscle than I had at his stage. My job is to translate that into team-readiness without crushing the shipping instinct.,2026-04-29 08:06:43.22617+00,2026-04-29 08:06:43.22617+00,,0,tr
802,1271,Kadıköy weekend morning with my daughter and a cargo bike. She insists on Moda Çay Bahçesi every Saturday and I let her. Some routines are sacred.,2026-05-02 09:03:15.741391+00,2026-05-02 09:03:15.741391+00,,0,tr
