follower_id,followee_id,created_at
1195,1202,2026-05-13 08:02:43.853604+00
1195,1207,2026-05-13 08:02:43.853604+00
1195,1216,2026-05-13 08:02:43.853604+00
1195,1218,2026-05-13 08:02:43.853604+00
1195,1219,2026-05-13 08:02:43.853604+00
1195,1227,2026-05-13 08:02:43.853604+00
1195,1233,2026-05-13 08:02:43.853604+00
1195,1239,2026-05-13 08:02:43.853604+00
1195,1250,2026-05-13 08:02:43.853604+00
1196,1201,2026-05-13 08:02:43.853604+00
1196,1207,2026-05-13 08:02:43.853604+00
1196,1215,2026-05-13 08:02:43.853604+00
1196,1223,2026-05-13 08:02:43.853604+00
1196,1232,2026-05-13 08:02:43.853604+00
1196,1233,2026-05-13 08:02:43.853604+00
1196,1246,2026-05-13 08:02:43.853604+00
1196,1253,2026-05-13 08:02:43.853604+00
1196,1255,2026-05-13 08:02:43.853604+00
1196,1263,2026-05-13 08:02:43.853604+00
1196,1265,2026-05-13 08:02:43.853604+00
1197,1222,2026-05-13 08:02:43.853604+00
1197,1242,2026-05-13 08:02:43.853604+00
1197,1266,2026-05-13 08:02:43.853604+00
1198,1208,2026-05-13 08:02:43.853604+00
1198,1210,2026-05-13 08:02:43.853604+00
1198,1221,2026-05-13 08:02:43.853604+00
1198,1223,2026-05-13 08:02:43.853604+00
1198,1224,2026-05-13 08:02:43.853604+00
1198,1231,2026-05-13 08:02:43.853604+00
1198,1236,2026-05-13 08:02:43.853604+00
1198,1238,2026-05-13 08:02:43.853604+00
1198,1253,2026-05-13 08:02:43.853604+00
1198,1254,2026-05-13 08:02:43.853604+00
1198,1256,2026-05-13 08:02:43.853604+00
1198,1266,2026-05-13 08:02:43.853604+00
1198,1267,2026-05-13 08:02:43.853604+00
1199,1200,2026-05-13 08:02:43.853604+00
1199,1201,2026-05-13 08:02:43.853604+00
1199,1207,2026-05-13 08:02:43.853604+00
1199,1208,2026-05-13 08:02:43.853604+00
1199,1212,2026-05-13 08:02:43.853604+00
1199,1224,2026-05-13 08:02:43.853604+00
1199,1236,2026-05-13 08:02:43.853604+00
1199,1243,2026-05-13 08:02:43.853604+00
1199,1245,2026-05-13 08:02:43.853604+00
1199,1250,2026-05-13 08:02:43.853604+00
1199,1252,2026-05-13 08:02:43.853604+00
1199,1271,2026-05-13 08:02:43.853604+00
1200,1197,2026-05-13 08:02:43.853604+00
1200,1202,2026-05-13 08:02:43.853604+00
1200,1203,2026-05-13 08:02:43.853604+00
1200,1216,2026-05-13 08:02:43.853604+00
1200,1223,2026-05-13 08:02:43.853604+00
1200,1235,2026-05-13 08:02:43.853604+00
1200,1252,2026-05-13 08:02:43.853604+00
1200,1269,2026-05-13 08:02:43.853604+00
1201,1203,2026-05-13 08:02:43.853604+00
1201,1206,2026-05-13 08:02:43.853604+00
1201,1218,2026-05-13 08:02:43.853604+00
1201,1221,2026-05-13 08:02:43.853604+00
1201,1234,2026-05-13 08:02:43.853604+00
1201,1262,2026-05-13 08:02:43.853604+00
1202,1203,2026-05-13 08:02:43.853604+00
1202,1229,2026-05-13 08:02:43.853604+00
1202,1235,2026-05-13 08:02:43.853604+00
1202,1250,2026-05-13 08:02:43.853604+00
1202,1261,2026-05-13 08:02:43.853604+00
1203,1211,2026-05-13 08:02:43.853604+00
1203,1216,2026-05-13 08:02:43.853604+00
1203,1240,2026-05-13 08:02:43.853604+00
1203,1246,2026-05-13 08:02:43.853604+00
1204,1195,2026-05-13 08:02:43.853604+00
1204,1201,2026-05-13 08:02:43.853604+00
1204,1219,2026-05-13 08:02:43.853604+00
1204,1222,2026-05-13 08:02:43.853604+00
1204,1230,2026-05-13 08:02:43.853604+00
1204,1234,2026-05-13 08:02:43.853604+00
1204,1239,2026-05-13 08:02:43.853604+00
1204,1247,2026-05-13 08:02:43.853604+00
1204,1268,2026-05-13 08:02:43.853604+00
1204,1270,2026-05-13 08:02:43.853604+00
1205,1200,2026-05-13 08:02:43.853604+00
1205,1208,2026-05-13 08:02:43.853604+00
1205,1214,2026-05-13 08:02:43.853604+00
1205,1221,2026-05-13 08:02:43.853604+00
1205,1224,2026-05-13 08:02:43.853604+00
1205,1230,2026-05-13 08:02:43.853604+00
1205,1235,2026-05-13 08:02:43.853604+00
1206,1199,2026-05-13 08:02:43.853604+00
1206,1208,2026-05-13 08:02:43.853604+00
1206,1225,2026-05-13 08:02:43.853604+00
1206,1247,2026-05-13 08:02:43.853604+00
1206,1251,2026-05-13 08:02:43.853604+00
1206,1255,2026-05-13 08:02:43.853604+00
1206,1268,2026-05-13 08:02:43.853604+00
1207,1213,2026-05-13 08:02:43.853604+00
1207,1237,2026-05-13 08:02:43.853604+00
1207,1244,2026-05-13 08:02:43.853604+00
1207,1245,2026-05-13 08:02:43.853604+00
1208,1205,2026-05-13 08:02:43.853604+00
1208,1221,2026-05-13 08:02:43.853604+00
1208,1253,2026-05-13 08:02:43.853604+00
1209,1224,2026-05-13 08:02:43.853604+00
1209,1225,2026-05-13 08:02:43.853604+00
1209,1226,2026-05-13 08:02:43.853604+00
1209,1234,2026-05-13 08:02:43.853604+00
1209,1236,2026-05-13 08:02:43.853604+00
1209,1248,2026-05-13 08:02:43.853604+00
1209,1261,2026-05-13 08:02:43.853604+00
1209,1262,2026-05-13 08:02:43.853604+00
1210,1204,2026-05-13 08:02:43.853604+00
1210,1214,2026-05-13 08:02:43.853604+00
1211,1206,2026-05-13 08:02:43.853604+00
1211,1227,2026-05-13 08:02:43.853604+00
1211,1251,2026-05-13 08:02:43.853604+00
1212,1211,2026-05-13 08:02:43.853604+00
1212,1222,2026-05-13 08:02:43.853604+00
1212,1236,2026-05-13 08:02:43.853604+00
1212,1238,2026-05-13 08:02:43.853604+00
1212,1247,2026-05-13 08:02:43.853604+00
1212,1264,2026-05-13 08:02:43.853604+00
1213,1237,2026-05-13 08:02:43.853604+00
1213,1269,2026-05-13 08:02:43.853604+00
1214,1223,2026-05-13 08:02:43.853604+00
1214,1239,2026-05-13 08:02:43.853604+00
1214,1242,2026-05-13 08:02:43.853604+00
1214,1266,2026-05-13 08:02:43.853604+00
1215,1203,2026-05-13 08:02:43.853604+00
1215,1261,2026-05-13 08:02:43.853604+00
1216,1233,2026-05-13 08:02:43.853604+00
1216,1237,2026-05-13 08:02:43.853604+00
1216,1255,2026-05-13 08:02:43.853604+00
1217,1209,2026-05-13 08:02:43.853604+00
1217,1242,2026-05-13 08:02:43.853604+00
1217,1258,2026-05-13 08:02:43.853604+00
1217,1259,2026-05-13 08:02:43.853604+00
1217,1270,2026-05-13 08:02:43.853604+00
1218,1217,2026-05-13 08:02:43.853604+00
1219,1214,2026-05-13 08:02:43.853604+00
1219,1243,2026-05-13 08:02:43.853604+00
1219,1250,2026-05-13 08:02:43.853604+00
1219,1255,2026-05-13 08:02:43.853604+00
1219,1261,2026-05-13 08:02:43.853604+00
1220,1229,2026-05-13 08:02:43.853604+00
1220,1246,2026-05-13 08:02:43.853604+00
1220,1260,2026-05-13 08:02:43.853604+00
1221,1210,2026-05-13 08:02:43.853604+00
1221,1228,2026-05-13 08:02:43.853604+00
1221,1262,2026-05-13 08:02:43.853604+00
1222,1220,2026-05-13 08:02:43.853604+00
1222,1223,2026-05-13 08:02:43.853604+00
1222,1225,2026-05-13 08:02:43.853604+00
1223,1216,2026-05-13 08:02:43.853604+00
1223,1218,2026-05-13 08:02:43.853604+00
1223,1232,2026-05-13 08:02:43.853604+00
1223,1243,2026-05-13 08:02:43.853604+00
1223,1259,2026-05-13 08:02:43.853604+00
1223,1260,2026-05-13 08:02:43.853604+00
1223,1266,2026-05-13 08:02:43.853604+00
1224,1251,2026-05-13 08:02:43.853604+00
1224,1259,2026-05-13 08:02:43.853604+00
1225,1195,2026-05-13 08:02:43.853604+00
1225,1198,2026-05-13 08:02:43.853604+00
1225,1224,2026-05-13 08:02:43.853604+00
1225,1238,2026-05-13 08:02:43.853604+00
1226,1196,2026-05-13 08:02:43.853604+00
1226,1212,2026-05-13 08:02:43.853604+00
1226,1223,2026-05-13 08:02:43.853604+00
1226,1248,2026-05-13 08:02:43.853604+00
1226,1259,2026-05-13 08:02:43.853604+00
1226,1262,2026-05-13 08:02:43.853604+00
1227,1229,2026-05-13 08:02:43.853604+00
1227,1238,2026-05-13 08:02:43.853604+00
1227,1247,2026-05-13 08:02:43.853604+00
1227,1257,2026-05-13 08:02:43.853604+00
1228,1202,2026-05-13 08:02:43.853604+00
1228,1214,2026-05-13 08:02:43.853604+00
1229,1208,2026-05-13 08:02:43.853604+00
1229,1209,2026-05-13 08:02:43.853604+00
1229,1226,2026-05-13 08:02:43.853604+00
1229,1241,2026-05-13 08:02:43.853604+00
1229,1265,2026-05-13 08:02:43.853604+00
1229,1266,2026-05-13 08:02:43.853604+00
1230,1218,2026-05-13 08:02:43.853604+00
1230,1238,2026-05-13 08:02:43.853604+00
1230,1250,2026-05-13 08:02:43.853604+00
1231,1237,2026-05-13 08:02:43.853604+00
1231,1256,2026-05-13 08:02:43.853604+00
1232,1202,2026-05-13 08:02:43.853604+00
1232,1223,2026-05-13 08:02:43.853604+00
1232,1233,2026-05-13 08:02:43.853604+00
1232,1245,2026-05-13 08:02:43.853604+00
1232,1269,2026-05-13 08:02:43.853604+00
1233,1228,2026-05-13 08:02:43.853604+00
1233,1235,2026-05-13 08:02:43.853604+00
1234,1216,2026-05-13 08:02:43.853604+00
1234,1248,2026-05-13 08:02:43.853604+00
1235,1213,2026-05-13 08:02:43.853604+00
1235,1221,2026-05-13 08:02:43.853604+00
1235,1230,2026-05-13 08:02:43.853604+00
1235,1267,2026-05-13 08:02:43.853604+00
1236,1198,2026-05-13 08:02:43.853604+00
1236,1220,2026-05-13 08:02:43.853604+00
1236,1221,2026-05-13 08:02:43.853604+00
1236,1251,2026-05-13 08:02:43.853604+00
1237,1240,2026-05-13 08:02:43.853604+00
1237,1244,2026-05-13 08:02:43.853604+00
1237,1260,2026-05-13 08:02:43.853604+00
1237,1261,2026-05-13 08:02:43.853604+00
1238,1234,2026-05-13 08:02:43.853604+00
1238,1249,2026-05-13 08:02:43.853604+00
1238,1267,2026-05-13 08:02:43.853604+00
1239,1237,2026-05-13 08:02:43.853604+00
1239,1244,2026-05-13 08:02:43.853604+00
1239,1264,2026-05-13 08:02:43.853604+00
1240,1218,2026-05-13 08:02:43.853604+00
1240,1221,2026-05-13 08:02:43.853604+00
1240,1252,2026-05-13 08:02:43.853604+00
1240,1267,2026-05-13 08:02:43.853604+00
1241,1205,2026-05-13 08:02:43.853604+00
1241,1245,2026-05-13 08:02:43.853604+00
1241,1268,2026-05-13 08:02:43.853604+00
1242,1225,2026-05-13 08:02:43.853604+00
1242,1237,2026-05-13 08:02:43.853604+00
1242,1262,2026-05-13 08:02:43.853604+00
1243,1214,2026-05-13 08:02:43.853604+00
1243,1222,2026-05-13 08:02:43.853604+00
1243,1225,2026-05-13 08:02:43.853604+00
1243,1244,2026-05-13 08:02:43.853604+00
1243,1246,2026-05-13 08:02:43.853604+00
1243,1256,2026-05-13 08:02:43.853604+00
1244,1221,2026-05-13 08:02:43.853604+00
1244,1251,2026-05-13 08:02:43.853604+00
1244,1271,2026-05-13 08:02:43.853604+00
1245,1268,2026-05-13 08:02:43.853604+00
1246,1197,2026-05-13 08:02:43.853604+00
1246,1205,2026-05-13 08:02:43.853604+00
1246,1223,2026-05-13 08:02:43.853604+00
1246,1253,2026-05-13 08:02:43.853604+00
1247,1246,2026-05-13 08:02:43.853604+00
1247,1263,2026-05-13 08:02:43.853604+00
1248,1204,2026-05-13 08:02:43.853604+00
1248,1216,2026-05-13 08:02:43.853604+00
1248,1223,2026-05-13 08:02:43.853604+00
1248,1241,2026-05-13 08:02:43.853604+00
1249,1221,2026-05-13 08:02:43.853604+00
1249,1241,2026-05-13 08:02:43.853604+00
1250,1197,2026-05-13 08:02:43.853604+00
1250,1202,2026-05-13 08:02:43.853604+00
1250,1203,2026-05-13 08:02:43.853604+00
1250,1211,2026-05-13 08:02:43.853604+00
1250,1233,2026-05-13 08:02:43.853604+00
1250,1238,2026-05-13 08:02:43.853604+00
1250,1260,2026-05-13 08:02:43.853604+00
1251,1220,2026-05-13 08:02:43.853604+00
1251,1223,2026-05-13 08:02:43.853604+00
1251,1226,2026-05-13 08:02:43.853604+00
1251,1232,2026-05-13 08:02:43.853604+00
1251,1264,2026-05-13 08:02:43.853604+00
1252,1253,2026-05-13 08:02:43.853604+00
1252,1270,2026-05-13 08:02:43.853604+00
1252,1271,2026-05-13 08:02:43.853604+00
1253,1205,2026-05-13 08:02:43.853604+00
1253,1270,2026-05-13 08:02:43.853604+00
1254,1211,2026-05-13 08:02:43.853604+00
1255,1201,2026-05-13 08:02:43.853604+00
1255,1208,2026-05-13 08:02:43.853604+00
1255,1216,2026-05-13 08:02:43.853604+00
1255,1226,2026-05-13 08:02:43.853604+00
1255,1237,2026-05-13 08:02:43.853604+00
1255,1238,2026-05-13 08:02:43.853604+00
1255,1254,2026-05-13 08:02:43.853604+00
1255,1258,2026-05-13 08:02:43.853604+00
1255,1261,2026-05-13 08:02:43.853604+00
1256,1203,2026-05-13 08:02:43.853604+00
1256,1213,2026-05-13 08:02:43.853604+00
1256,1222,2026-05-13 08:02:43.853604+00
1256,1228,2026-05-13 08:02:43.853604+00
1256,1235,2026-05-13 08:02:43.853604+00
1256,1245,2026-05-13 08:02:43.853604+00
1256,1253,2026-05-13 08:02:43.853604+00
1257,1225,2026-05-13 08:02:43.853604+00
1257,1227,2026-05-13 08:02:43.853604+00
1257,1243,2026-05-13 08:02:43.853604+00
1257,1251,2026-05-13 08:02:43.853604+00
1257,1261,2026-05-13 08:02:43.853604+00
1258,1195,2026-05-13 08:02:43.853604+00
1258,1198,2026-05-13 08:02:43.853604+00
1258,1203,2026-05-13 08:02:43.853604+00
1258,1219,2026-05-13 08:02:43.853604+00
1258,1220,2026-05-13 08:02:43.853604+00
1258,1222,2026-05-13 08:02:43.853604+00
1258,1226,2026-05-13 08:02:43.853604+00
1258,1228,2026-05-13 08:02:43.853604+00
1258,1240,2026-05-13 08:02:43.853604+00
1258,1249,2026-05-13 08:02:43.853604+00
1258,1255,2026-05-13 08:02:43.853604+00
1258,1259,2026-05-13 08:02:43.853604+00
1258,1261,2026-05-13 08:02:43.853604+00
1259,1200,2026-05-13 08:02:43.853604+00
1259,1209,2026-05-13 08:02:43.853604+00
1259,1212,2026-05-13 08:02:43.853604+00
1259,1215,2026-05-13 08:02:43.853604+00
1259,1217,2026-05-13 08:02:43.853604+00
1259,1250,2026-05-13 08:02:43.853604+00
1259,1263,2026-05-13 08:02:43.853604+00
1259,1267,2026-05-13 08:02:43.853604+00
1260,1218,2026-05-13 08:02:43.853604+00
1260,1249,2026-05-13 08:02:43.853604+00
1260,1255,2026-05-13 08:02:43.853604+00
1260,1257,2026-05-13 08:02:43.853604+00
1261,1198,2026-05-13 08:02:43.853604+00
1261,1210,2026-05-13 08:02:43.853604+00
1261,1226,2026-05-13 08:02:43.853604+00
1261,1237,2026-05-13 08:02:43.853604+00
1261,1241,2026-05-13 08:02:43.853604+00
1262,1215,2026-05-13 08:02:43.853604+00
1262,1220,2026-05-13 08:02:43.853604+00
1263,1200,2026-05-13 08:02:43.853604+00
1263,1239,2026-05-13 08:02:43.853604+00
1263,1259,2026-05-13 08:02:43.853604+00
1264,1203,2026-05-13 08:02:43.853604+00
1264,1204,2026-05-13 08:02:43.853604+00
1264,1208,2026-05-13 08:02:43.853604+00
1264,1221,2026-05-13 08:02:43.853604+00
1264,1263,2026-05-13 08:02:43.853604+00
1265,1195,2026-05-13 08:02:43.853604+00
1265,1216,2026-05-13 08:02:43.853604+00
1265,1218,2026-05-13 08:02:43.853604+00
1265,1225,2026-05-13 08:02:43.853604+00
1265,1252,2026-05-13 08:02:43.853604+00
1265,1256,2026-05-13 08:02:43.853604+00
1266,1200,2026-05-13 08:02:43.853604+00
1266,1237,2026-05-13 08:02:43.853604+00
1266,1240,2026-05-13 08:02:43.853604+00
1266,1251,2026-05-13 08:02:43.853604+00
1266,1254,2026-05-13 08:02:43.853604+00
1266,1268,2026-05-13 08:02:43.853604+00
1266,1270,2026-05-13 08:02:43.853604+00
1267,1195,2026-05-13 08:02:43.853604+00
1267,1212,2026-05-13 08:02:43.853604+00
1267,1223,2026-05-13 08:02:43.853604+00
1268,1199,2026-05-13 08:02:43.853604+00
1268,1201,2026-05-13 08:02:43.853604+00
1268,1203,2026-05-13 08:02:43.853604+00
1268,1206,2026-05-13 08:02:43.853604+00
1268,1217,2026-05-13 08:02:43.853604+00
1268,1224,2026-05-13 08:02:43.853604+00
1268,1237,2026-05-13 08:02:43.853604+00
1268,1240,2026-05-13 08:02:43.853604+00
1268,1242,2026-05-13 08:02:43.853604+00
1268,1249,2026-05-13 08:02:43.853604+00
1268,1267,2026-05-13 08:02:43.853604+00
1269,1230,2026-05-13 08:02:43.853604+00
1269,1248,2026-05-13 08:02:43.853604+00
1270,1198,2026-05-13 08:02:43.853604+00
1270,1199,2026-05-13 08:02:43.853604+00
1270,1205,2026-05-13 08:02:43.853604+00
1270,1216,2026-05-13 08:02:43.853604+00
1270,1230,2026-05-13 08:02:43.853604+00
1270,1235,2026-05-13 08:02:43.853604+00
1270,1240,2026-05-13 08:02:43.853604+00
1270,1256,2026-05-13 08:02:43.853604+00
1270,1257,2026-05-13 08:02:43.853604+00
1270,1258,2026-05-13 08:02:43.853604+00
1271,1205,2026-05-13 08:02:43.853604+00
1271,1206,2026-05-13 08:02:43.853604+00
1271,1209,2026-05-13 08:02:43.853604+00
1271,1212,2026-05-13 08:02:43.853604+00
1271,1224,2026-05-13 08:02:43.853604+00
1271,1228,2026-05-13 08:02:43.853604+00
1271,1241,2026-05-13 08:02:43.853604+00
1271,1243,2026-05-13 08:02:43.853604+00
1271,1250,2026-05-13 08:02:43.853604+00
1271,1254,2026-05-13 08:02:43.853604+00
1271,1257,2026-05-13 08:02:43.853604+00
1271,1260,2026-05-13 08:02:43.853604+00
