id,conversation_id,sender_id,content,sent_at,read_at,attachment_id
136,20,1195,Welcome. First homework: send me the diagram of one system you've built that you're proudest of. Don't redraw it; send me what you actually had at the time.,2026-03-30 00:00:00+00,,
137,20,1246,Attaching the message queue diagram. The 'persistence' label is doing a lot of work that the system isn't actually doing. Embarrassing in retrospect.,2026-03-31 00:00:00+00,,
138,20,1195,That self-edit is the lesson. Bring the embarrassment to every review — it's the diagnostic.,2026-04-01 00:00:00+00,,
139,20,1195,For Thursday: write the 10x version of the queue. Don't redesign. Write the change list and the trade-offs.,2026-04-13 00:00:00+00,,
140,20,1246,Did the change list. Six items. The hard one is item three — the back-pressure strategy depends on the consumer model and I hadn't picked one.,2026-04-15 00:00:00+00,,
141,20,1195,Pick one tonight. We'll talk through the trade-off in our call.,2026-04-15 00:00:00+00,,
142,20,1246,Mock interview prep — I'm freezing on the 'estimate' question. Can we do one in our next session?,2026-05-05 00:00:00+00,,
143,20,1195,Sure. I'll throw three at you and you'll do them out loud. We'll record.,2026-05-05 00:00:00+00,,
144,21,1197,Welcome. First week's homework isn't code. Write me a single paragraph: what would your week look like if you were happy in five years. No filter.,2026-04-14 00:00:00+00,,
145,21,1248,Done. Wrote it. The week has more outdoor than computer in it. Honestly didn't expect that.,2026-04-15 00:00:00+00,,
146,21,1197,Interesting. Save it. We'll come back to it in month three when you're forced to choose.,2026-04-15 00:00:00+00,,
147,21,1197,For Friday: paper-prototype the first ten seconds of a hiking game. Just paper. Don't open Unity.,2026-04-29 00:00:00+00,,
148,21,1248,Paper sketches done. Found the first-ten-seconds problem is harder than the rest. Now I get the 'one paragraph' lesson better.,2026-05-01 00:00:00+00,,
149,21,1197,Quick check-in. How's the hiking-trail Flutter app coming this week?,2026-05-10 00:00:00+00,,
150,21,1248,Slower than I want. The GPS noise is real. But I made the architecture clearer; next push is the filter.,2026-05-11 00:00:00+00,,
151,22,1198,"Read your CV. Before you write anything new: send me the question you genuinely care about. One sentence, no qualifiers.",2026-04-16 00:00:00+00,,
152,22,1211,How can NLP work as well in Turkish (low-resource morphologically rich language) as it does in English? Without industrial-scale data.,2026-04-17 00:00:00+00,,
153,22,1198,Good. Now write the research statement around that sentence. Three drafts before our call.,2026-04-17 00:00:00+00,,
154,22,1211,Three drafts in. The third is the least bad. Sending it.,2026-04-23 00:00:00+00,,
155,22,1198,"Read it. The middle three paragraphs are good. The opening is a description, not an argument. The conclusion lists too many techniques. Concrete edits in line comments.",2026-04-24 00:00:00+00,,
156,22,1211,"Rewrote the opening. The argument is now there, but I worry it's too confident. Senior researchers don't sound this sure of themselves.",2026-05-03 00:00:00+00,,
157,22,1198,"Confidence is correct in a statement. Hedging belongs in papers, not in applications. Keep the new opening.",2026-05-03 00:00:00+00,,
158,23,1200,Welcome. First week: stop introducing yourself as 'not CS.' You're a person who reads documentation carefully. That's the actual job.,2026-04-19 00:00:00+00,,
159,23,1207,Noted. Hard habit to break but I'll try.,2026-04-20 00:00:00+00,,
160,23,1200,Try is fine. Easier with a small project to anchor to. We'll set one up Friday.,2026-04-20 00:00:00+00,,
161,23,1207,Docker multi-stage build finally clicked. 1.2GB → 180MB image. I keep posting these wins because the relief is real.,2026-04-29 00:00:00+00,,
162,23,1200,Good. Now we make it observable. Add metrics. The deploy is the start; operating is the job.,2026-04-29 00:00:00+00,,
163,23,1207,Scheduled the SAA exam for August. Mock test today: 68%. Need 72%. Two weeks on VPC and IAM.,2026-05-08 00:00:00+00,,
164,23,1200,Two focused weeks gets you there. Lab through the VPC peering scenarios. Stop reading; start breaking things.,2026-05-08 00:00:00+00,,
165,24,1201,"Welcome. First month is a reading month. No CTFs. Twenty audit reports from established firms, then we talk.",2026-03-25 00:00:00+00,,
166,24,1217,Twenty? I was thinking ten was a lot. Will do.,2026-03-26 00:00:00+00,,
167,24,1201,Twenty. The pattern emerges around fifteen. Skip none.,2026-03-26 00:00:00+00,,
168,24,1217,Done with the twenty. The pattern: 70% of findings are configuration. The 'novel exploit' is the exception.,2026-04-18 00:00:00+00,,
169,24,1201,"Now you're a different reader. We can talk OSCP, but with proper foundations. Schedule the exam for month four, not month two.",2026-04-19 00:00:00+00,,
170,24,1217,Wrote my first formal bug report this week. The disclosure timeline was painful to plan. Realized: report writing is its own discipline.,2026-05-03 00:00:00+00,,
171,24,1201,It is. Half the senior security work is writing. Save your drafts; we'll review them together.,2026-05-03 00:00:00+00,,
172,25,1271,Welcome. We do six months. Two-week cycles. Odd weeks: I send you a real architecture decision from my team; you write your own version blind before you see ours. Even weeks: code review on your app. Sound right?,2026-03-15 00:00:00+00,,
173,25,1231,Sounds right. I'll start tonight.,2026-03-15 00:00:00+00,,
174,25,1271,"First decision attached as a PDF — pagination strategy for a feed with ~10k items, multi-platform. Write your version before opening ours.",2026-03-16 00:00:00+00,,
175,25,1231,Wrote mine. Going with cursor-based pagination because the existing offset-based was 'fighting me' on infinite scroll. Reading yours now.,2026-03-18 00:00:00+00,,
176,25,1271,Your reasoning is solid. We landed in the same place. One thing we did that you didn't — added a snapshot-version fingerprint to the cursor for staleness invalidation. Annotated PDF coming.,2026-03-19 00:00:00+00,,
177,25,1231,Did the second decision exercise this week — caching strategy. My version was worse than yours. Annotations were brutal and useful.,2026-04-03 00:00:00+00,,
178,25,1271,Brutal-and-useful is the right combination. Don't lose the willingness to be annotated.,2026-04-03 00:00:00+00,,
179,25,1231,Code review went long this week — I think I want to refactor my state-management layer end-to-end before adding the next feature. Going to take a week.,2026-04-23 00:00:00+00,,
180,25,1271,Take the week. The refactor is the work. Send me the ADR before you start.,2026-04-24 00:00:00+00,,
181,25,1231,ADR for the refactor attached. Want feedback before I touch the code.,2026-05-06 00:00:00+00,,
182,25,1271,"Read it. Two suggestions — added in line comments on the PDF. Otherwise, ship it.",2026-05-06 00:00:00+00,,
183,25,1231,Refactor complete. App feels lighter. Going to write up the lessons for the next meeting.,2026-05-11 00:00:00+00,,
184,25,1271,Looking forward to it. We'll start the leadership-readiness arc next month — different shape of work.,2026-05-12 00:00:00+00,,
185,26,1196,First thing: stop saying you're a teacher pivoting. You're a communicator who can read data. Try that for a week and report back.,2024-10-14 00:00:00+00,,
186,26,1216,Caught myself using the old framing twice already today. Trying.,2024-10-15 00:00:00+00,,
187,26,1196,Send me your cover letter for the role we discussed. Don't polish — send the version you'd actually send.,2024-11-01 00:00:00+00,,
188,26,1216,Attached. Three paragraphs. The middle one apologizes again. I see it now.,2024-11-03 00:00:00+00,,
189,26,1196,First interview tomorrow. Two minutes on positioning before the call?,2024-12-01 00:00:00+00,,
190,26,1216,Yes please. Calling at 11:30.,2024-12-01 00:00:00+00,,
191,26,1216,Offer in writing today. Junior content strategist at a B2B SaaS. I'm going to take it.,2025-01-05 00:00:00+00,,
192,26,1196,Wonderful. Take it. We'll close out with a wrap session next week — pick the lessons we both want to write down.,2025-01-05 00:00:00+00,,
193,27,1198,"Welcome. Three months. Daily writing, no exceptions. We'll meet weekly. By month three you'll have a defensible answer about whether research is for you. Are you in?",2024-11-19 00:00:00+00,,
194,27,1267,I'm in. I'll start the journal tonight.,2024-11-20 00:00:00+00,,
195,27,1198,Three weeks of journal entries reviewed. The first two weeks read like a student. The last week reads like someone who notices her own thinking. That's the signal. Keep going.,2024-12-12 00:00:00+00,,
196,27,1267,Read three interpretability papers this week. The third one had a methodology I want to learn — would it be okay if we spent next week's session on that one specifically?,2025-01-06 00:00:00+00,,
197,27,1198,That's exactly what I was hoping you'd ask. Send the PDF.,2025-01-06 00:00:00+00,,
198,27,1267,I'm starting to suspect I want a longer engagement next — but not necessarily on a PhD track. Wanted to flag it before our debrief.,2025-02-10 00:00:00+00,,
199,27,1198,"Honest of you to surface early. We'll spend the last month on the next-step decision, not on more methodology.",2025-02-11 00:00:00+00,,
200,28,1199,"Welcome. Three months ends with a decision. Yes, no, or 'shelf for a year' are all acceptable. 'Still thinking' is not. Are you in?",2024-12-24 00:00:00+00,,
201,28,1222,I'm in. Terrifying but in.,2024-12-25 00:00:00+00,,
202,28,1199,Send me the list of 30 customers you can drive to in a weekend. Cold names. Not friends-of-friends.,2025-01-11 00:00:00+00,,
203,28,1222,List sent. Driving Sakarya–Düzce route this weekend with the notebook.,2025-01-13 00:00:00+00,,
204,28,1199,Six honest conversations is great. Now: write the obituary for the startup if it fails. Three pages. Send before our call.,2025-01-31 00:00:00+00,,
205,28,1222,"Obituary attached. Reading it back made me realize the cofounder gap is the killing blow, not the market.",2025-02-02 00:00:00+00,,
206,28,1199,Big call. Real call. How are you feeling about the shelf decision?,2025-03-02 00:00:00+00,,
207,28,1222,"Surprisingly OK. Relieved, even. Going to apply to a junior product role at one of the companies I interviewed for discovery.",2025-03-02 00:00:00+00,,
208,28,1199,Sounds right. Let's write the wrap document and close cleanly. You're not done with founder thinking; you're done with this iteration.,2025-03-12 00:00:00+00,,
209,29,1199,"One month. Hard stop. Three exercises, three meetings, one decision. If you waver, I'll close the engagement early. Are you in?",2025-03-09 00:00:00+00,,
210,29,1267,In. Hard stop helps.,2025-03-10 00:00:00+00,,
211,29,1199,"Customer discovery round one done. You hated it. Note that — it's data, not failure.",2025-03-17 00:00:00+00,,
212,29,1267,"Hated the cold outreach, loved the conversations once I was in them. Mixed signal.",2025-03-17 00:00:00+00,,
213,29,1199,Obituary exercise: write three pages on why your startup would fail. Send before our last call.,2025-03-23 00:00:00+00,,
214,29,1267,"Obituary done. The dominant failure mode is that I wouldn't enjoy the day-to-day operationally. Even if the idea is right, the temperament isn't.",2025-03-26 00:00:00+00,,
215,29,1199,That's a real answer. We close on Tuesday.,2025-03-26 00:00:00+00,,
216,30,1195,Aras — you keep commenting on the Vespa post. Are you actually shopping or just looking?,2026-04-25 00:00:00+00,,
217,30,1197,Half-actually. The Erzurum winter is brutal on a bike but the rest of the year is fine. I'm eyeing a used GTS but the import paperwork is intimidating.,2026-04-25 00:00:00+00,,
218,30,1195,"Skip the import unless you find a 2019+ model in good shape locally. I bought mine from a Beşiktaş showroom — they handle paperwork. Cost ten percent more, saved a month of headaches.",2026-04-26 00:00:00+00,,
219,30,1197,Worth it. Sending you a listing tomorrow — want a sanity check on whether the price is fair.,2026-04-26 00:00:00+00,,
220,30,1197,"Different question — you wrote that thing about 2am incidents and senior calmness. We're hitting the same in games production but the metric is the deadline, not the alarm. Lessons translate one-to-one in my experience.",2026-05-01 00:00:00+00,,
221,30,1195,They do. The skill is exactly the same: presence under public stress. The artifact is different. We should swap mentees for a session some time — give them both perspectives.,2026-05-01 00:00:00+00,,
222,30,1197,Half-serious offer? I have a mentee (İsmail) who's torn between mobile and games. He'd genuinely benefit from a one-off with you.,2026-05-02 00:00:00+00,,
223,30,1195,Fully serious. Send him my way for a single session. I'll do the same with Tolga at some point — he's interested in production at scale.,2026-05-03 00:00:00+00,,
224,31,1202,Saw your 'rename soft skills' post. Endorsed completely. We're trying to do this in EM circles too but the term has been baked into HR systems for two decades.,2026-05-05 00:00:00+00,,
225,31,1197,It's a soft battle. The renaming has to come from within the discipline. We're calling them 'craft skills' in our studio now. Slow adoption.,2026-05-05 00:00:00+00,,
226,31,1202,What's the in-meeting trigger for using 'craft' instead? Or is it just consistent practice?,2026-05-06 00:00:00+00,,
227,31,1197,"Consistent practice. I correct myself out loud when I slip. Made it a rule that I don't use 'soft skills' in 1:1s with juniors. After three months, my direct team picked it up. Took six months for the rest of production to follow.",2026-05-06 00:00:00+00,,
228,31,1202,"Trying the same in EM. Will report back at year-end. Also — completely separate — if you ever want a sounding board on engineering-management questions from a games-production lens, I'm here.",2026-05-11 00:00:00+00,,
229,31,1197,Same offer back. The discipline overlap is bigger than people realize.,2026-05-11 00:00:00+00,,
230,32,1198,"Neslihan — your 'defensible AI' framing landed with me. We spend a lot of literature time arguing about explainability as the goal. You're right that for regulated contexts, defensibility is the actual deliverable. I want to teach this to our master's students.",2026-05-03 00:00:00+00,,
231,32,1205,"Glad it resonated. The pedagogical gap between academic ML and regulated-industry practice is wider than people admit. If you ever want a guest seminar for your students, I'd be happy.",2026-05-03 00:00:00+00,,
232,32,1198,"Yes — let's schedule it for autumn term. Topic: 'reading a model documentation pack critically.' Two hours, no slides — just a real pack and questions.",2026-05-04 00:00:00+00,,
233,32,1205,Perfect. I'll bring a sanitized real one from a recent committee review. The students will get more from one of those than ten textbook examples.,2026-05-04 00:00:00+00,,
234,32,1198,"Also: I have a mentee (Mina, applying for ML PhDs) who's interested in responsible AI as a thesis topic. Would you be willing to give her 20 minutes to discuss it?",2026-05-10 00:00:00+00,,
235,32,1205,Of course. Send me her statement when she's ready; I'll come prepared.,2026-05-10 00:00:00+00,,
