id,first_name,last_name,email,password_hash,profile_photo,is_email_verified,created_at,version,timezone,city,latitude,longitude,is_suspected_bot,suspected_at
1247,Meryem,Atalay,meryem.atalay.54@seed.test,$2b$10$6XTivF0RBE/fJbsbTQib6.y7w8wNdEcgEQAuJPylkDBOozgmvjWpK,http://localhost:8080/api/uploads/photos/b9510a7e-8dcc-4455-8d9d-485d2c817a63.jpg,t,2026-05-13 08:02:38.925067+00,1,Europe/Istanbul,"Mamak, Ankara",39.9325,32.918,f,
1202,Hakki,Bakir,hakki.bakir.9@seed.test,$2b$10$Z5u8ooZ6BsYT3jPNM8rwcOiKUjdoSKbhoTdgPHu4mSjsMXGG7OYsS,http://localhost:8080/api/uploads/photos/e67d1d38-6c00-4a3a-814c-0d89ab09d7c4.jpg,t,2026-05-13 08:02:38.925067+00,1,Europe/Istanbul,"Uskudar, Istanbul",41.0226,29.0156,f,
1212,Aras,Inan,aras.inan.19@seed.test,$2b$10$qUhWanNumHOS6pKrevjKgulxE2DVV8UEnkF9UCTL/no1xqOnyfpbK,http://localhost:8080/api/uploads/photos/07cd639b-6708-46a5-bc5b-9fce240f8b0e.jpg,t,2026-05-13 08:02:38.925067+00,1,Europe/Istanbul,"Sisli, Istanbul",41.0602,28.9871,f,
1209,Aydin,Onal,aydin.onal.16@seed.test,$2b$10$5nAJKT3naKNYAp4dk6f/puC7mU02OuEKJ64jKKjRpcLCMNOGnFMOq,http://localhost:8080/api/uploads/photos/c544613e-d9dc-4fa5-86e3-195522f474f4.jpg,t,2026-05-13 08:02:38.925067+00,1,Europe/Istanbul,Samsun,41.2867,36.33,f,
1203,Didem,Pak,didem.pak.10@seed.test,$2b$10$6m6TRQltBubi34sGGKiusuSHMftr9oyUVHFj2exthYKVUlKNp13.u,http://localhost:8080/api/uploads/photos/f3438376-4d5b-42bb-9bed-94c946343452.jpg,t,2026-05-13 08:02:38.925067+00,1,Europe/Istanbul,"Besiktas, Istanbul",41.0428,29.0061,f,
1221,Hale,Arikan,hale.arikan.28@seed.test,$2b$10$tJKRYA5OtG96Qqz2XBVYJuOxh/sVaZjrleO4xWOQSlutDlzzbHNVm,http://localhost:8080/api/uploads/photos/98407be9-e413-4245-9d47-c72323b9ecc1.jpg,t,2026-05-13 08:02:38.925067+00,1,Europe/Istanbul,"Pendik, Istanbul",40.8782,29.2536,f,
1204,Derya,Karaca,derya.karaca.11@seed.test,$2b$10$YCYf9ARGaIdUeOkzcYmg8ebJzLIksgXSeSOs5KOrJfYX77.f0e67m,http://localhost:8080/api/uploads/photos/b7c9721b-6591-46b6-b6c6-e81211c00c79.jpg,t,2026-05-13 08:02:38.925067+00,1,Europe/Istanbul,"Pendik, Istanbul",40.8782,29.2536,f,
1232,Mahmut,Pak,mahmut.pak.39@seed.test,$2b$10$3zdrpttWtH.pTW1qNTbzq.9k6EEnT3gvLdZzq2ennThiLl3lhDtr2,http://localhost:8080/api/uploads/photos/103182b0-a4f4-429a-985c-00add70be0ea.jpg,t,2026-05-13 08:02:38.925067+00,1,Europe/Istanbul,"Karsiyaka, Izmir",38.4598,27.1099,f,
1197,Aras,Sezen,aras.sezen.4@seed.test,$2b$10$IYYPV8WrjGi3L5dGHVFmRu3v2p0bojOk5PAcoqcs7pIOTUulqB0nG,http://localhost:8080/api/uploads/photos/74924662-8676-4ddf-a03b-e0368e04d3e2.jpg,t,2026-05-13 08:02:38.925067+00,2,Europe/Istanbul,Erzurum,39.9043,41.267,f,
1218,Ismail,Dogan,ismail.dogan.25@seed.test,$2b$10$rABBovZPgNrdK.MxfYNY/eaH.99m1fSXxWDsw9GdLPBKUjJqmHQC2,http://localhost:8080/api/uploads/photos/feba9698-d279-4516-89a7-c408150dd1af.jpg,t,2026-05-13 08:02:38.925067+00,1,Europe/Istanbul,Manisa,38.6191,27.4289,f,
1220,Serdar,Sezer,serdar.sezer.27@seed.test,$2b$10$8xLqWlFGu/9qlAjeS7N34eweX1vUxMbAcQpRs6Pg1V4dsXckiURve,http://localhost:8080/api/uploads/photos/c607fc74-2e4f-4426-a8da-71e8328c2816.jpg,t,2026-05-13 08:02:38.925067+00,1,Europe/Istanbul,"Mamak, Ankara",39.9325,32.918,f,
1224,Pelin,Bayraktar,pelin.bayraktar.31@seed.test,$2b$10$yZCIJOGdC34WDSDIGZUZQuzsru7WVsO7WiMbSzLGgvnM9mOa5VFWi,http://localhost:8080/api/uploads/photos/0d83c26f-4ccb-4091-bea6-aa4c81ce03a5.jpg,t,2026-05-13 08:02:38.925067+00,1,Europe/Istanbul,Adana,37,35.3213,f,
1225,Pinar,Isik,pinar.isik.32@seed.test,$2b$10$MM4BRFAqxYy.aCPoHCRGIOC/0YEgtyoxFzf20IAWHuR18Yr8DUhL.,http://localhost:8080/api/uploads/photos/1d763186-507a-4a17-af1a-f7047b9e5648.jpg,t,2026-05-13 08:02:38.925067+00,1,Europe/Istanbul,Sakarya,40.7831,30.4036,f,
1227,Ibrahim,Bayer,ibrahim.bayer.34@seed.test,$2b$10$O1ZPTGCjS05OqustWnPJvOftwjLXwcVb5quYNc0a9gD8.aX2NFM5y,http://localhost:8080/api/uploads/photos/f8408a7e-3a41-4709-96c1-17b282a1e744.jpg,t,2026-05-13 08:02:38.925067+00,1,Europe/Istanbul,"Cankaya, Ankara",39.9111,32.8526,f,
1228,Burcu,Guney,burcu.guney.35@seed.test,$2b$10$e2cIVPn5gyC/.Hn94DulD.yahujgUOwWNrngLf304XFNRF0X23WBO,http://localhost:8080/api/uploads/photos/e214057c-12ae-4425-853e-23d8c8412d19.jpg,t,2026-05-13 08:02:38.925067+00,1,Europe/Istanbul,Samsun,41.2867,36.33,f,
1231,Riza,Yavuz,riza.yavuz.38@seed.test,$2b$10$efdZKWN/RFM3G4mX.o8FpuAeAIVq7m9Jq5fX8g9JFXxyIeSog7gOG,http://localhost:8080/api/uploads/photos/36ed9c27-cec6-4b24-8644-19325271b7fc.jpg,t,2026-05-13 08:02:38.925067+00,2,Europe/Istanbul,Tekirdag,40.9833,27.5167,f,
1196,Gonca,Kahraman,gonca.kahraman.3@seed.test,$2b$10$H2Kx1fGdHD.atYVbcxbxb.egX9oyf9y7/e/uLEMYIcTae5/kzeUga,http://localhost:8080/api/uploads/photos/0efc1e1e-abfc-4a85-9903-5dcf3c79505a.jpg,t,2026-05-13 08:02:38.925067+00,1,Europe/Istanbul,"Etimesgut, Ankara",39.965,32.69,f,
1199,Neslihan,Eken,neslihan.eken.6@seed.test,$2b$10$fpVQDesaJC/3B.bh.2o6..m8vtqal7GO/6c5Wst02iNz7NTUlaTfK,http://localhost:8080/api/uploads/photos/8eb5904d-3ba5-4453-88ea-9835c8dd0b96.jpg,t,2026-05-13 08:02:38.925067+00,1,Europe/Istanbul,"Buca, Izmir",38.3911,27.1797,f,
1200,Gulay,Ergin,gulay.ergin.7@seed.test,$2b$10$KmYPxGRLu3eivjjCUai0TOYZr3Ks4/yyuLtiowoQYvrg8ivXSC1Aq,http://localhost:8080/api/uploads/photos/186223fa-175e-4813-8843-70aa9e7193b7.jpg,t,2026-05-13 08:02:38.925067+00,2,Europe/Istanbul,"Kartal, Istanbul",40.9056,29.1908,f,
1206,Ufuk,Gulhan,ufuk.gulhan.13@seed.test,$2b$10$19fnBJ0VlYRT/qzUiu0RoO3S26JidTGwDk07VdyOu2hNvTwQl8fC2,http://localhost:8080/api/uploads/photos/17b8a0bf-7b75-46d2-a80b-c27512e656ce.jpg,t,2026-05-13 08:02:38.925067+00,1,Europe/Istanbul,Ordu,40.9839,37.8764,f,
1208,Duygu,Kilicoglu,duygu.kilicoglu.15@seed.test,$2b$10$K97Er/cxE/LEcV6CXmbdueinspuZS8PLuGytYuJtwZhDnsdH3Wji.,http://localhost:8080/api/uploads/photos/a3c2cc25-3f09-4ca5-9117-db305f6d3f79.jpg,t,2026-05-13 08:02:38.925067+00,1,Europe/Istanbul,Kocaeli,40.8533,29.8815,f,
1211,Mina,Bayraktar,mina.bayraktar.18@seed.test,$2b$10$FW1y2GC/8d3KOW/MpSYD5.2XlLccvqLFs22hng6rI7gcHWHcgNC8i,http://localhost:8080/api/uploads/photos/b2d4a7a4-4a41-47cc-994b-e37edca39427.jpg,t,2026-05-13 08:02:38.925067+00,2,Europe/Istanbul,"Bakirkoy, Istanbul",40.9776,28.877,f,
1214,Eren,Akdeniz,eren.akdeniz.21@seed.test,$2b$10$zXB5HC8ox2nYaVpnqY22T.td8DxSrs6qVu2O4HEz.3vnYVAfGxk9S,http://localhost:8080/api/uploads/photos/d9ef23c4-4857-4ea2-9b91-d43d059976ab.jpg,t,2026-05-13 08:02:38.925067+00,1,Europe/Istanbul,Tekirdag,40.9833,27.5167,f,
1215,Tayfun,Tekin,tayfun.tekin.22@seed.test,$2b$10$RiejI5nl2ygjpDvdElHL7eRvmz4nSMhT7XRJV/93m6CCb7jD2HN9i,http://localhost:8080/api/uploads/photos/ddb30e6f-37af-4e3c-9926-9ccce80dab6b.jpg,t,2026-05-13 08:02:38.925067+00,1,Europe/Istanbul,Canakkale,40.1467,26.4086,f,
1216,Buse,Dogan,buse.dogan.23@seed.test,$2b$10$kj8du9dAuEpkOXQAdGM5fuVGl2xh76mDSFcP9GR04ts1IM1BqPVpi,http://localhost:8080/api/uploads/photos/ae1e0065-9916-46ad-84af-c510eae55c87.jpg,t,2026-05-13 08:02:38.925067+00,1,Europe/Istanbul,"Bakirkoy, Istanbul",40.9776,28.877,f,
1222,Funda,Altinok,funda.altinok.29@seed.test,$2b$10$oiftN3BjQSkpyVKAInZ7lOGk3EzdQupX8aOy.RJud/mkZD9L6qlLK,http://localhost:8080/api/uploads/photos/44e841ea-4272-409f-831d-5733fb1f16dc.jpg,t,2026-05-13 08:02:38.925067+00,1,Europe/Istanbul,Sakarya,40.7831,30.4036,f,
1229,Burhan,Kilic,burhan.kilic.36@seed.test,$2b$10$2aBbhEMFi/824ZQSHATa5uWI8XvrfOR3l5ZzEFSP7yd.RIq6VtAEq,http://localhost:8080/api/uploads/photos/40e7603d-caa8-468d-913d-555c82b12ca2.jpg,t,2026-05-13 08:02:38.925067+00,1,Europe/Istanbul,"Muratpasa, Antalya",36.8849,30.7136,f,
1233,Dogan,Bayraktar,dogan.bayraktar.40@seed.test,$2b$10$Q6wnJE92y1g684VrgWo1uODSmBoM3xTTpZDHtldBZ9GqjaANIgm4G,http://localhost:8080/api/uploads/photos/36820545-e73c-4bef-9794-0bab8eb14abb.jpg,t,2026-05-13 08:02:38.925067+00,1,Europe/Istanbul,"Atasehir, Istanbul",40.9846,29.1276,f,
1250,Selin,Koc,selin.koc.57@seed.test,$2b$10$n283eU07QzHdC4XAg/Lu3OVXNdgRbt0Y6Q/WftVm0Ipe9dYFoMlm2,http://localhost:8080/api/uploads/photos/3cdcc5e7-c0ef-4647-bd31-29594fb8af2d.jpg,t,2026-05-13 08:02:38.925067+00,1,Europe/Istanbul,"Bakirkoy, Istanbul",40.9776,28.877,f,
1195,Melis,Sezen,melis.sezen.2@seed.test,$2b$10$lU2l8gDkETsdAEDlVvZGheEbM2DUzQEENTPoaZsW2EzAF3.3n3YC.,http://localhost:8080/api/uploads/photos/e5c33135-dba2-4cd2-888b-1251fa0022c7.jpg,t,2026-05-13 08:02:38.925067+00,2,Europe/Istanbul,"Maltepe, Istanbul",40.9354,29.1297,f,
1238,Ece,Ekinci,ece.ekinci.45@seed.test,$2b$10$NIS9gBxL9dUPUMsCdRSSOepF4ZvNqk0VnWT2JlaoafTrHjvCwTXc2,http://localhost:8080/api/uploads/photos/cdc0e063-6502-480b-a5a9-d21794e87e3e.jpg,t,2026-05-13 08:02:38.925067+00,1,Europe/Istanbul,"Mamak, Ankara",39.9325,32.918,f,
1241,Neslihan,Erkmen,neslihan.erkmen.48@seed.test,$2b$10$nzkUYLgKwjGEegm/.jcrL..nnGGl9SILLFJY59Hw7CFM558p4ziG6,http://localhost:8080/api/uploads/photos/eb45daa9-bc03-415c-bca0-fb2b51eb50fb.jpg,t,2026-05-13 08:02:38.925067+00,1,Europe/Istanbul,Samsun,41.2867,36.33,f,
1243,Ayca,Bakir,ayca.bakir.50@seed.test,$2b$10$PTgLHB0bls.DPwxiQmqHC.0mVlFVXkFkANC1dPif1hk1R7NdL/h7S,http://localhost:8080/api/uploads/photos/c6e0c474-23f7-4d3d-8f9b-bbe7161586ef.jpg,t,2026-05-13 08:02:38.925067+00,1,Europe/Istanbul,"Nilufer, Bursa",40.2143,28.9593,f,
1249,Hasan,Demiroz,hasan.demiroz.56@seed.test,$2b$10$OC5XTY1cHEpJ7l2Fuc7WwOdw9KTI2QQKGPDLEeACVsbpvFr2Qqw1q,http://localhost:8080/api/uploads/photos/273a504f-65f8-4e8a-91c7-7cd652ecf5e6.jpg,t,2026-05-13 08:02:38.925067+00,1,Europe/Istanbul,"Umraniye, Istanbul",41.0264,29.1226,f,
1251,Mert,Kayan,mert.kayan.58@seed.test,$2b$10$H4fbgPX32ZbCw4pZlbwKM.fbcWnbvJjYiYIInaQUEQmADVc/E8Qya,http://localhost:8080/api/uploads/photos/3b2db4f1-58b6-4f6e-8607-3f90d6d16c91.jpg,t,2026-05-13 08:02:38.925067+00,1,Europe/Istanbul,"Sisli, Istanbul",41.0602,28.9871,f,
1253,Melek,Mutlu,melek.mutlu.60@seed.test,$2b$10$CRFgXvn9XG3oqcvJCBD6Zut4VpKeKr0Uf04HAL/EgLTZ1eTASG6y.,http://localhost:8080/api/uploads/photos/c408cc7a-0e1d-4270-b3fd-e34770c2ca19.jpg,t,2026-05-13 08:02:38.925067+00,1,Europe/Istanbul,Hatay,36.2023,36.1613,f,
1254,Emre,Kaplan,emre.kaplan.61@seed.test,$2b$10$CxD5s/ktBb.C4.307ZcUg.eLKnWOb3w5E1TxnNUh24a4VSuMKSoXi,http://localhost:8080/api/uploads/photos/d676cbcc-a266-4de3-a747-e0b7ada44e11.jpg,t,2026-05-13 08:02:38.925067+00,1,Europe/Istanbul,Gaziantep,37.066,37.3833,f,
1257,Asli,Tuncel,asli.tuncel.64@seed.test,$2b$10$GfrsYcMLouSG3KKTpoKynOeOHSbRHuvFih6xeGtfJw3O64eBXxrw2,http://localhost:8080/api/uploads/photos/2d141cd8-2395-4800-910d-8ca8a905feff.jpg,t,2026-05-13 08:02:38.925067+00,1,Europe/Istanbul,Konya,37.8746,32.4932,f,
1259,Defne,Akin,defne.akin.66@seed.test,$2b$10$o8e2skhJ6eErhN3F1ys1HezdUEEyZFkC6nU16KK9F5DFNDCJdXEnS,http://localhost:8080/api/uploads/photos/20586bd1-8882-4324-a419-2172d72500ff.jpg,t,2026-05-13 08:02:38.925067+00,1,Europe/Istanbul,"Cihangir, Istanbul",41.0322,28.9817,f,
1261,Ela,Saglam,ela.saglam.68@seed.test,$2b$10$aHcb6KUzfR87vywOWx4SyedrrG81rRpTU5ynCJX/k031vv5dIJeZG,http://localhost:8080/api/uploads/photos/e3160c26-2ef0-407e-aef3-e4e228b44b4a.jpg,t,2026-05-13 08:02:38.925067+00,1,Europe/Istanbul,Eskisehir,39.7767,30.5206,f,
1265,Dilan,Acar,dilan.acar.72@seed.test,$2b$10$Er6/Ltr3Z7TKpOwT/zDgKeGUzzlXOyT8c63biQhoJDuR4eW73Pls2,http://localhost:8080/api/uploads/photos/169c8832-7b11-4889-8c8b-cc892a20dc1a.jpg,t,2026-05-13 08:02:38.925067+00,1,Europe/Istanbul,"Karsiyaka, Izmir",38.4598,27.1099,f,
1267,Defne,Korkmaz,defne.korkmaz.74@seed.test,$2b$10$VWUlF1rWYCHqIdjc7ooGg.eIihXbCSheXceDxJG1I4yz6qkWagizu,http://localhost:8080/api/uploads/photos/ecf98915-afce-4c81-9b0d-3679dfb11502.jpg,t,2026-05-13 08:02:38.925067+00,1,Europe/Istanbul,"Cankaya, Ankara",39.9111,32.8526,f,
1269,Esra,Yildiz,esra.yildiz.76@seed.test,$2b$10$3hvpZz4TU8DMnYZGw4l3S.hZ.KeKqPvk25nF9bo5IajIR3FiCKFwq,http://localhost:8080/api/uploads/photos/01b66843-c997-4389-ac5a-ec1931ee912f.jpg,t,2026-05-13 08:02:38.925067+00,1,Europe/Istanbul,"Cankaya, Ankara",39.9111,32.8526,f,
1270,Kerem,Polat,kerem.polat.77@seed.test,$2b$10$DMTY..2E9Y4haRF3Sol71eE8vvCIJFfmRxUS3IRUWBM53KT4Ricpu,http://localhost:8080/api/uploads/photos/3ec314cb-df6e-4398-a9ad-3c31ed0fc86c.jpg,t,2026-05-13 08:02:38.925067+00,1,Europe/Istanbul,"Besiktas, Istanbul",41.0428,29.0061,f,
1198,Dilara,Oz,dilara.oz.5@seed.test,$2b$10$V85mjPTIoxBQTQOb3Vq91OFuYwXcbOtd2YgcQvSs3gcz87l8HF8pC,http://localhost:8080/api/uploads/photos/75eeac76-ad71-448a-8d1f-cebcf2402369.jpg,t,2026-05-13 08:02:38.925067+00,2,Europe/Istanbul,"Uskudar, Istanbul",41.0226,29.0156,f,
1236,Sude,Mutlu,sude.mutlu.43@seed.test,$2b$10$W3sblVpiBe1g7BW/RFZlveLmvfIaZRUV.IEPp8hCA49zymnxLnfWy,http://localhost:8080/api/uploads/photos/cc03060f-c0ad-44c1-8585-68008251bf1a.jpg,t,2026-05-13 08:02:38.925067+00,1,Europe/Istanbul,"Etimesgut, Ankara",39.965,32.69,f,
1237,Sadik,Isik,sadik.isik.44@seed.test,$2b$10$Y2c6nMJ.Z.HyP/bWHrvb9.L8.aYNXt7O7Tu3DoiAFvDLdEXz2ePp2,http://localhost:8080/api/uploads/photos/c65ac97a-b9ea-4898-bef6-5eeff49c8d09.jpg,t,2026-05-13 08:02:38.925067+00,1,Europe/Istanbul,"Yenimahalle, Ankara",39.9686,32.7882,f,
1240,Halis,Kaplan,halis.kaplan.47@seed.test,$2b$10$u6si3IAmpIT5JajiIwG57.tllfnH2XEtJsHVm30zrc6n3zsNMMjSS,http://localhost:8080/api/uploads/photos/19c1576b-509f-4e07-b3c5-3e1e5b604417.jpg,t,2026-05-13 08:02:38.925067+00,1,Europe/Istanbul,Denizli,37.7765,29.0864,f,
1242,Ahmet,Bicakci,ahmet.bicakci.49@seed.test,$2b$10$URbtg/tOICr2IZsNGaYi6eEg.lk7deAdZ/pTW3iGnUJ5XAcgVNWHa,http://localhost:8080/api/uploads/photos/1235a0dd-27cf-452b-916f-7a8b52f1c8f5.jpg,t,2026-05-13 08:02:38.925067+00,1,Europe/Istanbul,"Sisli, Istanbul",41.0602,28.9871,f,
1246,Tolga,Aksoy,tolga.aksoy.53@seed.test,$2b$10$gDZzIrVY4VaD1JDdKhLtNOQkJUf.p5Zl0n8qEmu6ztonnoI7yiIKm,http://localhost:8080/api/uploads/photos/7021be72-adcb-4c75-a6c3-d6860deca70e.jpg,t,2026-05-13 08:02:38.925067+00,2,Europe/Istanbul,"Beyoglu, Istanbul",41.0369,28.9774,f,
1256,Cem,Mutlu,cem.mutlu.63@seed.test,$2b$10$uAWydBrjN.TaH632TNDseeEAeW9b0gfQun4fe9UD6UkNAwtB0ZkwW,http://localhost:8080/api/uploads/photos/31ec88b7-ff3f-4995-a458-77db97fa0047.jpg,t,2026-05-13 08:02:38.925067+00,1,Europe/Istanbul,"Kadikoy, Istanbul",40.9905,29.0303,f,
1260,Baran,Coskun,baran.coskun.67@seed.test,$2b$10$l6IiXZ0VnoB74vEHw1NsJ.exe49qylR8czUweezSgrVGz5MH1DqTK,http://localhost:8080/api/uploads/photos/a46e6585-f1d3-49e8-b3a1-318434111a15.jpg,t,2026-05-13 08:02:38.925067+00,1,Europe/Istanbul,"Osmangazi, Bursa",40.1828,29.066,f,
1262,Yigit,Coker,yigit.coker.69@seed.test,$2b$10$LiXOMpv7p68DTa6r6AviHeZIYgECVlqoe3JhavscHFvCuuiEyy4.e,http://localhost:8080/api/uploads/photos/2e1fbf0e-bb44-4a1b-8cd8-271100c3faef.jpg,t,2026-05-13 08:02:38.925067+00,1,Europe/Istanbul,Adana,37,35.3213,f,
1264,Toprak,Demir,toprak.demir.71@seed.test,$2b$10$GgD0vwOa1iS8r3crkV9ze.SK7Jn1V74N5Pg/ymknR0KRv3smVJa4i,http://localhost:8080/api/uploads/photos/4b2f29b0-d559-4754-a5e2-e7e610479dbf.jpg,t,2026-05-13 08:02:38.925067+00,1,Europe/Istanbul,"Beyoglu, Istanbul",41.0369,28.9774,f,
1207,Zeynep,Polat,zeynep.polat.14@seed.test,$2b$10$ChiSKjkLRl3agABBtdR7helnNSBjK/hq2cePUbthMFHYURCwa6D4q,http://localhost:8080/api/uploads/photos/a21248c3-1953-47ea-84f6-65c5ee03b81d.jpg,t,2026-05-13 08:02:38.925067+00,2,Europe/Istanbul,"Karsiyaka, Izmir",38.4598,27.1099,f,
1219,Pelin,Mert,pelin.mert.26@seed.test,$2b$10$m.a0aZt47.jkBVEuZfcOReHsyXEEYdnE6KtLzSviU9bWeCXUzIlvW,http://localhost:8080/api/uploads/photos/be3d7680-5012-49d2-8ff8-a0dbb7abce6c.jpg,t,2026-05-13 08:02:38.925067+00,1,Europe/Istanbul,"Kartal, Istanbul",40.9056,29.1908,f,
1226,Atilla,Asik,atilla.asik.33@seed.test,$2b$10$ucQKs0ENEyDhx4hzLtxif.y6K/xLTGKMxoZfoB1rII3UqCHBEly9C,http://localhost:8080/api/uploads/photos/445d4588-1c5f-4f22-87fc-b96f8942e801.jpg,t,2026-05-13 08:02:38.925067+00,1,Europe/Istanbul,Samsun,41.2867,36.33,f,
1230,Hasan,Nalbant,hasan.nalbant.37@seed.test,$2b$10$oah5SBRNibNi6p7vHRBuZerDdJx7q4qK5wDSOX4ui8qDm4iFhcslC,http://localhost:8080/api/uploads/photos/a21f1f1e-3830-499a-ba1a-ee272e3166c0.jpg,t,2026-05-13 08:02:38.925067+00,1,Europe/Istanbul,"Bornova, Izmir",38.469,27.22,f,
1235,Ufuk,Caglar,ufuk.caglar.42@seed.test,$2b$10$PMqubNJyZBNPaCnVlTlbi.oIFp3dntd8sAkMhBTfT68hKjwCIOPPe,http://localhost:8080/api/uploads/photos/6ce9e464-07ee-4e1f-b72b-25120f9cd444.jpg,t,2026-05-13 08:02:38.925067+00,1,Europe/Istanbul,"Yenimahalle, Ankara",39.9686,32.7882,f,
1244,Asuman,Gungor,asuman.gungor.51@seed.test,$2b$10$eOGvoyfHOFzkoCRd4yc7TuaWLbT9MFCpkopyOkWimKcH1g3Id0kvW,http://localhost:8080/api/uploads/photos/2ad7b372-5dc2-48f2-8b33-db265087ae9f.jpg,t,2026-05-13 08:02:38.925067+00,1,Europe/Istanbul,"Bakirkoy, Istanbul",40.9776,28.877,f,
1252,Gulay,Genc,gulay.genc.59@seed.test,$2b$10$vCODT7/FyCSVJOL14PAOdujng8G86tnAyAx4M5PPiKSwqvAHQU8FC,http://localhost:8080/api/uploads/photos/45737484-3087-4ec7-813e-89725931e605.jpg,t,2026-05-13 08:02:38.925067+00,1,Europe/Istanbul,"Pendik, Istanbul",40.8782,29.2536,f,
1255,Selen,Acar,selen.acar.62@seed.test,$2b$10$ELfV87D9E4yAxYKmMuYZWerEpgnoG94ZqTYypv3SKBNT9qL/L14Ea,http://localhost:8080/api/uploads/photos/29f0d4db-55dc-4d3b-b73e-62ab3ece110a.jpg,t,2026-05-13 08:02:38.925067+00,1,Europe/Istanbul,"Cihangir, Istanbul",41.0322,28.9817,f,
1263,Sila,Birol,sila.birol.70@seed.test,$2b$10$4W2asI/fRWJN7yyjvrbmQOkeNvZuuwE54VU9vz7fdvz3bK5tNlU62,http://localhost:8080/api/uploads/photos/16e42acc-78b9-4440-80b0-c05d0bf4d042.jpg,t,2026-05-13 08:02:38.925067+00,1,Europe/Istanbul,"Muratpasa, Antalya",36.8849,30.7136,f,
1268,Mehmet,Turker,mehmet.turker.75@seed.test,$2b$10$epOUmBazAc7u3f3oCfXTkO/q4tDKGgkl/Q5lS6IKBLV.w5H9Ev6YS,http://localhost:8080/api/uploads/photos/3b90c760-21ba-4d86-8af1-3d4fdee62afa.jpg,t,2026-05-13 08:02:38.925067+00,1,Europe/Istanbul,"Sariyer, Istanbul",41.1714,29.0568,f,
1271,Yildiz,Demir,yildiz.demir.78@seed.test,$2b$10$O/CYfBA4mRXkNdxJoAjSUOood16vrCQ2NMWixRDbcFFWr1COpgkRW,http://localhost:8080/api/uploads/photos/44288d3b-df58-4d3b-8694-2c1aa072f048.jpg,t,2026-05-13 08:02:38.925067+00,2,Europe/Istanbul,"Kadikoy, Istanbul",40.9905,29.0303,f,
1194,Sinan,Ozkan,sinan.ozkan.1@seed.test,$2b$10$cYA.EuSl0uijhKj98RPdp.b2pX/n.HVBI9uOw430NoVl48qHftrty,http://localhost:8080/api/uploads/photos/5c3727e1-ae04-45fd-8cc0-f0b5e5c206f5.jpg,t,2026-05-13 08:02:38.925067+00,1,Europe/Istanbul,"Bakirkoy, Istanbul",40.9776,28.877,f,
1201,Polat,Aslanli,polat.aslanli.8@seed.test,$2b$10$Z.EsqifJcRQ7GoNtdiOPzekuaXWpOqdZez3sJRF.9T3IN7sdIssUK,http://localhost:8080/api/uploads/photos/c168dff6-f910-493f-8797-d23c6681d94a.jpg,t,2026-05-13 08:02:38.925067+00,2,Europe/Istanbul,Aydin,37.8466,27.8456,f,
1205,Neslihan,Erdem,neslihan.erdem.12@seed.test,$2b$10$zHueXxe1U9LZaMXhSXNBzO1Cnth07FgUpCsw8flXVVB/v7SlYmLMu,http://localhost:8080/api/uploads/photos/83158748-92c0-4953-8bce-5d968ad38190.jpg,t,2026-05-13 08:02:38.925067+00,1,Europe/Istanbul,"Beyoglu, Istanbul",41.0369,28.9774,f,
1210,Ece,Eren,ece.eren.17@seed.test,$2b$10$qzb9ev1/.PoUqL6.Mf1xtuHCFiw0ITnuXU9KlOdEtWZd96k68UWvG,http://localhost:8080/api/uploads/photos/98535111-5cfd-4dbe-8e43-ee6db78a64b3.jpg,t,2026-05-13 08:02:38.925067+00,1,Europe/Istanbul,Erzurum,39.9043,41.267,f,
1213,Zafer,Sari,zafer.sari.20@seed.test,$2b$10$72.PGTpghheyq8D0AlorD.DYkSUZOUQEuGzg3w3KJwNxMuXUk05WW,http://localhost:8080/api/uploads/photos/09155e47-9f7b-4580-94e5-8e48cfe55906.jpg,t,2026-05-13 08:02:38.925067+00,1,Europe/Istanbul,"Kartal, Istanbul",40.9056,29.1908,f,
1217,Cihan,Sezer,cihan.sezer.24@seed.test,$2b$10$kmre1oS5F0D/62frAVjcB.oWYi/V3gW0kOEy2xrWqC3l7.cbFhU/i,http://localhost:8080/api/uploads/photos/988ffae0-b72d-4361-976c-48642d46ff71.jpg,t,2026-05-13 08:02:38.925067+00,2,Europe/Istanbul,"Esenyurt, Istanbul",41.0345,28.68,f,
1223,Halis,Yalcin,halis.yalcin.30@seed.test,$2b$10$QLj5WRoHtULs.NXuRpisB.qCx5o9i3GUGvDMtBYE0o5AiW4vXorPG,http://localhost:8080/api/uploads/photos/fd82c30e-b67d-4f46-bf8f-6d6e5f1c509a.jpg,t,2026-05-13 08:02:38.925067+00,1,Europe/Istanbul,Diyarbakir,37.9144,40.2306,f,
1234,Can,Erdem,can.erdem.41@seed.test,$2b$10$A/WFDSateHfObW6N4yzLKecr1xhoq1aNZI.5jPZLoFqAp/3z3jIua,http://localhost:8080/api/uploads/photos/bdea1e4b-6c99-49c7-b9f3-7eec1f03fa24.jpg,t,2026-05-13 08:02:38.925067+00,1,Europe/Istanbul,Adana,37,35.3213,f,
1239,Selin,Gok,selin.gok.46@seed.test,$2b$10$E85slLQofyjKoh1tDc8PMOfdCtMdloiZj8Riff9hC9DlAcco19GiK,http://localhost:8080/api/uploads/photos/e2e7eb9d-a934-4bab-9b7e-53d7404cf642.jpg,t,2026-05-13 08:02:38.925067+00,1,Europe/Istanbul,"Atasehir, Istanbul",40.9846,29.1276,f,
1245,Sevgi,Bayer,sevgi.bayer.52@seed.test,$2b$10$.Km33SdDsPlzqgK01IqMyOaO7yiDMOx80e6oDSxELi/a2iWNVaFkm,http://localhost:8080/api/uploads/photos/fa076afc-a542-4bf1-bbcb-1d26d1f44a99.jpg,t,2026-05-13 08:02:38.925067+00,1,Europe/Istanbul,"Bakirkoy, Istanbul",40.9776,28.877,f,
1248,Ismail,Kiraz,ismail.kiraz.55@seed.test,$2b$10$wHIplAs14sesjjAVEUCOL.x58CprpBwkrYzWIJ7ej.PnDxYZ.lHBe,http://localhost:8080/api/uploads/photos/9a91cdea-45c0-4cf0-a63b-918524962b67.jpg,t,2026-05-13 08:02:38.925067+00,2,Europe/Istanbul,"Sariyer, Istanbul",41.1714,29.0568,f,
1258,Tarik,Erol,tarik.erol.65@seed.test,$2b$10$xgP/FdRz6WfxQvE7XwaSu.qqui8376K4FvtjLl2/YG7SQwz3ctjRa,http://localhost:8080/api/uploads/photos/d07f49ea-ac9e-41e8-8059-94a1123d1812.jpg,t,2026-05-13 08:02:38.925067+00,1,Europe/Istanbul,"Beyoglu, Istanbul",41.0369,28.9774,f,
1266,Onur,Cetin,onur.cetin.73@seed.test,$2b$10$TQ0JBS2XZt4sU/eRQP7FoeKoDdeSiUusBEib/MtSoN8d3y8cXKSce,http://localhost:8080/api/uploads/photos/d90dfcf9-9eca-430d-9c49-caf3404a3e30.jpg,t,2026-05-13 08:02:38.925067+00,1,Europe/Istanbul,"Atasehir, Istanbul",40.9846,29.1276,f,
